id,year,rank,overall_pick,team,player,college,years_active,games,minutes_played,points,total_rebounds,assists,field_goal_percentage,3_point_percentage,free_throw_percentage,average_minutes_played,points_per_game,average_total_rebounds,average_assists,win_shares,win_shares_per_48_minutes,box_plus_minus,value_over_replacement
1,1989,1,1,SAC,Pervis Ellison,Louisville,11.0,474.0,11593.0,4494.0,3170.0,691.0,0.51,0.05,0.689,24.5,9.5,6.7,1.5,21.8,0.09,-0.5,4.4
2,1989,2,2,LAC,Danny Ferry,Duke,13.0,917.0,18133.0,6439.0,2550.0,1185.0,0.446,0.393,0.84,19.8,7.0,2.8,1.3,34.8,0.092,-0.9,4.9
3,1989,3,3,SAS,Sean Elliott,Arizona,12.0,742.0,24502.0,10544.0,3204.0,1897.0,0.465,0.375,0.799,33.0,14.2,4.3,2.6,55.7,0.109,0.2,13.5
4,1989,4,4,MIA,Glen Rice,Michigan,15.0,1000.0,34985.0,18336.0,4387.0,2097.0,0.456,0.4,0.846,35.0,18.3,4.4,2.1,88.7,0.122,0.8,24.9
5,1989,5,5,CHH,J.R. Reid,UNC,11.0,672.0,15370.0,5680.0,3381.0,639.0,0.472,0.135,0.716,22.9,8.5,5.0,1.0,22.5,0.07,-2.9,-3.7
6,1989,6,6,CHI,Stacey King,Oklahoma,8.0,438.0,7406.0,2819.0,1460.0,387.0,0.478,0.235,0.707,16.9,6.4,3.3,0.9,10.9,0.071,-3.4,-2.7
7,1989,7,7,IND,George McCloud,Florida State,12.0,766.0,17429.0,6925.0,2342.0,1769.0,0.402,0.358,0.81,22.8,9.0,3.1,2.3,24.6,0.068,-0.8,5.3
8,1989,8,8,DAL,Randy White,Louisiana Tech,5.0,281.0,5382.0,2083.0,1366.0,175.0,0.401,0.193,0.707,19.2,7.4,4.9,0.6,1.9,0.017,-5.0,-4.0
9,1989,9,9,WSB,Tom Hammonds,Georgia Tech,12.0,687.0,10419.0,3617.0,2243.0,378.0,0.48,0.0,0.691,15.2,5.3,3.3,0.6,14.7,0.068,-3.8,-4.7
10,1989,10,10,MIN,Pooh Richardson,UCLA,10.0,639.0,19399.0,7083.0,1807.0,4180.0,0.444,0.329,0.652,30.4,11.1,2.8,6.5,26.7,0.066,0.2,10.5
11,1989,11,11,ORL,Nick Anderson,Illinois,13.0,800.0,24922.0,11529.0,4064.0,2087.0,0.446,0.356,0.667,31.2,14.4,5.1,2.6,55.3,0.106,1.9,24.7
12,1989,12,12,NJN,Mookie Blaylock,Oklahoma,13.0,889.0,31026.0,11962.0,3659.0,5972.0,0.409,0.336,0.736,34.9,13.5,4.1,6.7,71.8,0.111,3.0,39.2
13,1989,13,13,BOS,Michael Smith,BYU,3.0,141.0,1328.0,698.0,212.0,142.0,0.474,0.15,0.835,9.4,5.0,1.5,1.0,1.4,0.049,-3.6,-0.5
14,1989,14,14,GSW,Tim Hardaway,Texas-El Paso,13.0,867.0,30626.0,15373.0,2855.0,7095.0,0.431,0.355,0.782,35.3,17.7,3.3,8.2,85.0,0.133,3.1,39.6
15,1989,15,15,DEN,Todd Lichti,Stanford,5.0,237.0,4240.0,1870.0,505.0,325.0,0.46,0.244,0.789,17.9,7.9,2.1,1.4,5.6,0.063,-2.5,-0.5
16,1989,16,16,SEA,Dana Barros,Boston College,14.0,850.0,19480.0,8901.0,1609.0,2837.0,0.46,0.411,0.858,22.9,10.5,1.9,3.3,49.6,0.122,1.7,18.1
17,1989,17,17,SEA,Shawn Kemp,Trinity Valley CC,14.0,1051.0,29293.0,15347.0,8834.0,1704.0,0.488,0.277,0.741,27.9,14.6,8.4,1.6,89.5,0.147,0.6,19.4
18,1989,18,18,CHI,B.J. Armstrong,Iowa,11.0,747.0,17790.0,7320.0,1321.0,2479.0,0.477,0.425,0.856,23.8,9.8,1.8,3.3,45.0,0.121,-0.2,8.1
19,1989,19,19,PHI,Kenny Payne,Louisville,4.0,144.0,1167.0,508.0,170.0,61.0,0.41,0.293,0.859,8.1,3.5,1.2,0.4,-0.1,-0.005,-4.9,-0.9
20,1989,20,20,CHI,Jeff Sanders,Georgia Southern University,4.0,55.0,462.0,112.0,103.0,25.0,0.395,,0.609,8.4,2.0,1.9,0.5,-0.1,-0.008,-6.3,-0.5
21,1989,21,21,UTA,Blue Edwards,East Carolina University,10.0,704.0,18409.0,7585.0,2376.0,1409.0,0.475,0.335,0.779,26.1,10.8,3.4,2.0,24.2,0.063,-1.6,1.9
22,1989,22,22,POR,Byron Irvin,Missouri,3.0,87.0,849.0,451.0,123.0,73.0,0.471,0.35,0.722,9.8,5.2,1.4,0.8,2.1,0.121,0.6,0.6
23,1989,23,23,ATL,Roy Marble,Iowa,2.0,29.0,194.0,55.0,32.0,12.0,0.257,0.0,0.594,6.7,1.9,1.1,0.4,-0.5,-0.122,-8.8,-0.3
24,1989,24,24,PHO,Anthony Cook,Arizona,4.0,116.0,1499.0,418.0,428.0,34.0,0.439,0.0,0.524,12.9,3.6,3.7,0.3,1.0,0.033,-3.7,-0.7
25,1989,25,25,CLE,John Morton,Seton Hall,3.0,128.0,1879.0,609.0,161.0,342.0,0.386,0.224,0.787,14.7,4.8,1.3,2.7,0.5,0.013,-3.0,-0.5
26,1989,26,26,LAL,Vlade Divac,nan,16.0,1134.0,33838.0,13398.0,9326.0,3541.0,0.495,0.235,0.692,29.8,11.8,8.2,3.1,96.4,0.137,2.3,36.3
27,1989,27,27,DET,Kenny Battle,Illinois,4.0,134.0,1795.0,627.0,327.0,106.0,0.504,0.133,0.725,13.4,4.7,2.4,0.8,3.7,0.098,-0.4,0.7
28,1989,28,28,MIA,Sherman Douglas,Syracuse,12.0,765.0,21148.0,8425.0,1672.0,4536.0,0.484,0.267,0.678,27.6,11.0,2.2,5.9,32.9,0.075,-0.3,9.2
29,1989,29,29,CHH,Dyron Nix,Tennessee,1.0,20.0,109.0,39.0,26.0,5.0,0.359,,0.688,5.5,2.0,1.3,0.3,0.0,-0.015,-5.8,-0.1
30,1989,30,30,MIL,Frank Kornet,Vanderbilt,2.0,89.0,595.0,171.0,95.0,30.0,0.369,0.263,0.596,6.7,1.9,1.1,0.3,0.0,-0.004,-6.2,-0.6
31,1989,31,31,LAC,Jeff Martin,Murray State,2.0,143.0,2685.0,956.0,290.0,109.0,0.417,0.282,0.694,18.8,6.7,2.0,0.8,2.1,0.038,-3.2,-0.8
32,1989,32,32,NJN,Stanley Brundy,DePaul,1.0,16.0,128.0,37.0,26.0,3.0,0.5,,0.389,8.0,2.3,1.6,0.2,0.2,0.057,-3.1,0.0
33,1989,33,33,LAC,Jay Edwards,Indiana,1.0,4.0,26.0,7.0,2.0,4.0,0.429,0.0,0.333,6.5,1.8,0.5,1.0,0.0,0.022,-4.0,0.0
34,1989,34,34,MIN,Gary Leonard,Missouri,3.0,31.0,149.0,44.0,34.0,2.0,0.459,0.0,0.5,4.8,1.4,1.1,0.1,0.1,0.029,-6.9,-0.2
35,1989,35,35,DAL,Pat Durham,Colorado State,2.0,64.0,930.0,323.0,108.0,57.0,0.469,0.192,0.667,14.5,5.0,1.7,0.9,0.7,0.037,-2.0,0.0
36,1989,36,36,POR,Clifford Robinson,UConn,18.0,1380.0,42561.0,19591.0,6306.0,3094.0,0.438,0.356,0.689,30.8,14.2,4.6,2.2,89.7,0.101,0.5,26.6
37,1989,37,37,ORL,Michael Ansley,Alabama,3.0,149.0,2143.0,1026.0,621.0,67.0,0.513,,0.722,14.4,6.9,4.2,0.4,6.4,0.142,-1.0,0.6
38,1989,38,38,MIN,Doug West,Villanova,12.0,676.0,16649.0,6477.0,1670.0,1292.0,0.481,0.191,0.801,24.6,9.6,2.5,1.9,17.7,0.051,-3.0,-4.2
39,1989,39,39,WSB,Ed Horton,Iowa,1.0,45.0,374.0,202.0,108.0,19.0,0.494,0.0,0.609,8.3,4.5,2.4,0.4,0.4,0.05,-4.9,-0.3
40,1989,40,40,BOS,Dino Radja,nan,4.0,224.0,7308.0,3733.0,1883.0,356.0,0.497,0.0,0.735,32.6,16.7,8.4,1.6,14.3,0.094,-0.4,3.0
41,1989,41,41,WSB,Doug Roth,Tennessee,1.0,42.0,412.0,81.0,120.0,20.0,0.43,0.0,0.5,9.8,1.9,2.9,0.5,0.4,0.052,-5.3,-0.3
42,1989,42,42,DEN,Michael Cutright,McNeese State University,,,,,,,,,,,,,,,,,
43,1989,43,43,CLE,Chucky Brown,NC State,13.0,694.0,11962.0,4125.0,2148.0,549.0,0.491,0.227,0.699,17.2,5.9,3.1,0.8,19.0,0.076,-2.7,-2.0
44,1989,44,44,PHI,Reggie Cross,Hawaii,,,,,,,,,,,,,,,,,
45,1989,45,45,MIA,Scott Haffner,University of Evansville,2.0,50.0,609.0,213.0,55.0,89.0,0.403,0.13,0.667,12.2,4.3,1.1,1.8,-0.1,-0.012,-5.1,-0.5
46,1989,46,46,PHO,Ricky Blanton,LSU,1.0,2.0,13.0,6.0,3.0,1.0,0.429,,,6.5,3.0,1.5,0.5,0.0,0.088,-0.3,0.0
47,1989,47,47,DEN,Reggie Turner,UAB,,,,,,,,,,,,,,,,,
48,1989,48,48,UTA,Junie Lewis,University of South Alabama,,,,,,,,,,,,,,,,,
49,1989,49,49,ATL,Haywoode Workman,Oral Roberts,8.0,359.0,7202.0,1967.0,819.0,1410.0,0.419,0.323,0.764,20.1,5.5,2.3,3.9,10.7,0.071,-0.7,2.4
50,1989,50,50,NYK,Brian Quinnett,Washington State,3.0,138.0,1530.0,474.0,224.0,76.0,0.414,0.326,0.677,11.1,3.4,1.6,0.6,0.9,0.027,-3.7,-0.6
51,1989,51,51,PHO,Mike Morrison,Loyola (MD),1.0,36.0,153.0,72.0,20.0,11.0,0.338,0.286,0.8,4.3,2.0,0.6,0.3,-0.3,-0.106,-10.5,-0.3
52,1989,52,52,PHO,Greg Grant,Trenton State University,6.0,274.0,3350.0,767.0,248.0,751.0,0.383,0.281,0.71,12.2,2.8,0.9,2.7,1.6,0.023,-2.9,-0.8
53,1989,53,53,DAL,Jeff Hodge,University of South Alabama,,,,,,,,,,,,,,,,,
54,1989,54,54,PHI,Toney Mack,Georgia,,,,,,,,,,,,,,,,,
55,1990,1,1,NJN,Derrick Coleman,Syracuse,15.0,781.0,25903.0,12884.0,7232.0,1985.0,0.447,0.295,0.769,33.2,16.5,9.3,2.5,64.3,0.119,1.4,22.3
56,1990,2,2,SEA,Gary Payton,Oregon State,17.0,1335.0,47117.0,21813.0,5269.0,8966.0,0.466,0.317,0.729,35.3,16.3,3.9,6.7,145.5,0.148,3.3,62.5
57,1990,3,3,DEN,Mahmoud Abdul-Rauf,LSU,9.0,586.0,15628.0,8553.0,1087.0,2079.0,0.442,0.354,0.905,26.7,14.6,1.9,3.5,25.2,0.077,-0.8,4.5
58,1990,4,4,ORL,Dennis Scott,Georgia Tech,10.0,629.0,17983.0,8094.0,1774.0,1296.0,0.417,0.397,0.793,28.6,12.9,2.8,2.1,33.4,0.089,0.2,9.9
59,1990,5,5,CHH,Kendall Gill,Illinois,15.0,966.0,29481.0,12914.0,4002.0,2945.0,0.434,0.3,0.754,30.5,13.4,4.1,3.0,47.8,0.078,0.1,15.8
60,1990,6,6,MIN,Felton Spencer,Louisville,12.0,640.0,12298.0,3354.0,3436.0,213.0,0.484,0.0,0.658,19.2,5.2,5.4,0.3,20.9,0.081,-4.3,-7.0
61,1990,7,7,SAC,Lionel Simmons,La Salle,7.0,454.0,13472.0,5833.0,2833.0,1498.0,0.433,0.305,0.771,29.7,12.8,6.2,3.3,16.9,0.06,0.0,6.7
62,1990,8,8,LAC,Bo Kimble,Loyola Marymount,3.0,105.0,1336.0,574.0,162.0,98.0,0.386,0.291,0.728,12.7,5.5,1.5,0.9,0.1,0.004,-5.7,-1.2
63,1990,9,9,MIA,Willie Burton,Minnesota,8.0,316.0,6666.0,3243.0,932.0,393.0,0.424,0.345,0.786,21.1,10.3,2.9,1.2,9.1,0.065,-2.5,-0.9
64,1990,10,10,ATL,Rumeal Robinson,Michigan,6.0,336.0,6098.0,2546.0,606.0,1179.0,0.432,0.344,0.611,18.1,7.6,1.8,3.5,5.2,0.041,-1.5,0.8
65,1990,11,11,GSW,Tyrone Hill,Xavier,14.0,801.0,22388.0,7532.0,6854.0,647.0,0.502,0.0,0.643,28.0,9.4,8.6,0.8,56.2,0.12,-1.9,0.8
66,1990,12,12,HOU,Alec Kessler,Georgia,4.0,210.0,2937.0,1084.0,751.0,81.0,0.426,0.417,0.744,14.0,5.2,3.6,0.4,2.0,0.033,-5.9,-2.8
67,1990,13,13,LAC,Loy Vaught,Michigan,11.0,689.0,16993.0,6984.0,4881.0,652.0,0.504,0.244,0.718,24.7,10.1,7.1,0.9,35.8,0.101,-1.5,2.2
68,1990,14,14,SAC,Travis Mays,Texas,3.0,115.0,2964.0,1273.0,233.0,326.0,0.41,0.362,0.749,25.8,11.1,2.0,2.8,2.4,0.039,-2.6,-0.5
69,1990,15,15,MIA,Dave Jamerson,Ohio University,3.0,90.0,594.0,306.0,77.0,61.0,0.392,0.277,0.86,6.6,3.4,0.9,0.7,0.2,0.018,-3.9,-0.3
70,1990,16,16,MIL,Terry Mills,Michigan,11.0,678.0,16422.0,7175.0,3680.0,891.0,0.457,0.384,0.781,24.2,10.6,5.4,1.3,33.3,0.097,-0.6,5.9
71,1990,17,17,NYK,Jerrod Mustaf,Maryland,4.0,179.0,1902.0,721.0,452.0,99.0,0.449,0.0,0.648,10.6,4.0,2.5,0.6,1.7,0.043,-4.1,-1.0
72,1990,18,18,SAC,Duane Causwell,Temple,11.0,541.0,9409.0,2648.0,2273.0,243.0,0.507,0.286,0.618,17.4,4.9,4.2,0.4,15.8,0.081,-2.3,-0.7
73,1990,19,19,BOS,Dee Brown,Jacksonville University,12.0,608.0,16843.0,6758.0,1569.0,2227.0,0.436,0.357,0.825,27.7,11.1,2.6,3.7,33.4,0.095,0.8,11.6
74,1990,20,20,MIN,Gerald Glass,Ole Miss,4.0,201.0,3347.0,1553.0,512.0,298.0,0.433,0.236,0.643,16.7,7.7,2.5,1.5,1.8,0.025,-1.9,0.1
75,1990,21,21,PHO,Jayson Williams,St. John's,9.0,475.0,9805.0,3472.0,3584.0,287.0,0.44,0.125,0.606,20.6,7.3,7.5,0.6,20.0,0.098,-2.8,-2.1
76,1990,22,22,NJN,Tate George,UConn,4.0,177.0,2019.0,736.0,180.0,325.0,0.414,0.071,0.82,11.4,4.2,1.0,1.8,1.3,0.032,-3.5,-0.8
77,1990,23,23,SAC,Anthony Bonner,Saint Louis,6.0,318.0,7372.0,2199.0,1726.0,442.0,0.468,0.125,0.59,23.2,6.9,5.4,1.4,10.8,0.07,-2.0,0.1
78,1990,24,24,SAS,Dwayne Schintzius,Florida,8.0,217.0,1950.0,587.0,536.0,93.0,0.404,0.125,0.638,9.0,2.7,2.5,0.4,1.0,0.024,-5.0,-1.5
79,1990,25,25,POR,Alaa Abdelnaby,Duke,5.0,256.0,3200.0,1465.0,846.0,85.0,0.502,0.0,0.701,12.5,5.7,3.3,0.3,4.8,0.072,-3.8,-1.5
80,1990,26,26,DET,Lance Blanks,Texas,3.0,142.0,1045.0,289.0,110.0,117.0,0.436,0.253,0.667,7.4,2.0,0.8,0.8,0.7,0.031,-3.2,-0.3
81,1990,27,27,LAL,Elden Campbell,Clemson,15.0,1044.0,25776.0,10805.0,6116.0,1199.0,0.46,0.054,0.699,24.7,10.3,5.9,1.1,62.8,0.117,-0.5,9.5
82,1990,28,28,GSW,Les Jepsen,Iowa,2.0,52.0,192.0,53.0,67.0,2.0,0.333,0.0,0.65,3.7,1.0,1.3,0.0,0.1,0.031,-8.0,-0.3
83,1990,29,29,CHI,Toni Kukoč,nan,13.0,846.0,22212.0,9810.0,3555.0,3119.0,0.447,0.335,0.729,26.3,11.6,4.2,3.7,59.6,0.129,2.8,27.2
84,1990,30,30,MIA,Carl Herrera,Houston,8.0,465.0,8042.0,2481.0,1690.0,261.0,0.476,0.143,0.643,17.3,5.3,3.6,0.6,9.0,0.054,-3.7,-3.4
85,1990,31,31,PHO,Negele Knight,Dayton,6.0,276.0,4513.0,1699.0,351.0,780.0,0.436,0.263,0.73,16.4,6.2,1.3,2.8,4.2,0.044,-3.0,-1.1
86,1990,32,32,PHI,Brian Oliver,Georgia Tech,4.0,118.0,1182.0,389.0,123.0,114.0,0.388,0.227,0.705,10.0,3.3,1.0,1.0,-0.5,-0.02,-5.9,-1.2
87,1990,33,33,UTA,Walter Palmer,Dartmouth College,2.0,48.0,209.0,100.0,65.0,11.0,0.412,0.0,0.667,4.4,2.1,1.4,0.2,-0.1,-0.013,-6.7,-0.2
88,1990,34,34,GSW,Kevin Pritchard,Kansas,4.0,94.0,1125.0,340.0,90.0,152.0,0.399,0.186,0.79,12.0,3.6,1.0,1.6,0.4,0.017,-4.0,-0.6
89,1990,35,35,WSB,Greg Foster,Texas-El Paso,13.0,656.0,7974.0,2538.0,1691.0,351.0,0.44,0.225,0.748,12.2,3.9,2.6,0.5,5.6,0.033,-5.5,-7.0
90,1990,36,36,ATL,Trevor Wilson,UCLA,4.0,103.0,1609.0,591.0,353.0,99.0,0.456,0.0,0.567,15.6,5.7,3.4,1.0,0.8,0.023,-3.4,-0.6
91,1990,37,37,WSB,A.J. English,Virginia Union University,2.0,151.0,3108.0,1502.0,315.0,320.0,0.435,0.138,0.778,20.6,9.9,2.1,2.1,1.1,0.017,-3.9,-1.5
92,1990,38,38,SEA,Jud Buechler,Arizona,12.0,720.0,8444.0,2385.0,1266.0,560.0,0.433,0.366,0.633,11.7,3.3,1.8,0.8,16.5,0.094,-0.1,4.0
93,1990,39,39,CHH,Steve Scheffler,Purdue,7.0,174.0,918.0,331.0,180.0,26.0,0.558,0.2,0.759,5.3,1.9,1.0,0.1,2.9,0.153,-1.9,0.0
94,1990,40,40,SAC,Bimbo Coles,Virginia Tech,14.0,852.0,20319.0,6628.0,1820.0,3313.0,0.425,0.267,0.811,23.8,7.8,2.1,3.9,27.4,0.065,-1.6,1.9
95,1990,41,41,ATL,Steve Bardo,Illinois,3.0,33.0,299.0,73.0,60.0,44.0,0.329,0.1,0.696,9.1,2.2,1.8,1.3,-0.1,-0.02,-4.0,-0.2
96,1990,42,42,DEN,Marcus Liberty,Illinois,4.0,267.0,4568.0,1942.0,925.0,244.0,0.417,0.34,0.664,17.1,7.3,3.5,0.9,4.0,0.042,-2.6,-0.7
97,1990,43,43,SAS,Tony Massenburg,Maryland,13.0,683.0,12291.0,4238.0,2964.0,266.0,0.47,0.091,0.705,18.0,6.2,4.3,0.4,15.6,0.061,-4.5,-7.8
98,1990,44,44,MIL,Steve Henson,Kansas State,7.0,238.0,2282.0,739.0,176.0,465.0,0.403,0.432,0.869,9.6,3.1,0.7,2.0,3.8,0.079,-1.8,0.1
99,1990,45,45,IND,Antonio Davis,Texas-El Paso,13.0,903.0,26084.0,9041.0,6755.0,1017.0,0.448,0.087,0.727,28.9,10.0,7.5,1.1,59.6,0.11,-1.3,4.4
100,1990,46,46,IND,Kenny Williams,Elizabeth City State University,4.0,260.0,2918.0,1247.0,693.0,161.0,0.511,0.0,0.68,11.2,4.8,2.7,0.6,7.4,0.122,0.1,1.5
101,1990,47,47,PHI,Derek Strong,Xavier,10.0,456.0,8548.0,3088.0,2213.0,291.0,0.43,0.18,0.786,18.7,6.8,4.9,0.6,18.5,0.104,-2.1,-0.3
102,1990,48,48,PHO,Cedric Ceballos,Cal State Fullerton,11.0,609.0,14712.0,8693.0,3258.0,723.0,0.5,0.309,0.753,24.2,14.3,5.3,1.2,40.4,0.132,0.7,10.1
103,1990,49,49,DAL,Phil Henderson,Duke,,,,,,,,,,,,,,,,,
104,1990,50,50,PHO,Miloš Babić,Tennessee Technological University,2.0,21.0,87.0,37.0,20.0,10.0,0.375,,0.65,4.1,1.8,1.0,0.5,-0.1,-0.028,-5.9,-0.1
105,1990,51,51,LAL,Tony Smith,Marquette,9.0,457.0,7295.0,2504.0,735.0,881.0,0.431,0.307,0.69,16.0,5.5,1.6,1.9,6.7,0.044,-2.0,0.0
106,1990,52,52,CLE,Stefano Rusconi,nan,1.0,7.0,30.0,8.0,6.0,3.0,0.333,,0.4,4.3,1.1,0.9,0.4,-0.1,-0.104,-11.4,-0.1
107,1990,53,53,SEA,Abdul Shamsid-Deen,Providence,,,,,,,,,,,,,,,,,
108,1990,54,54,SAS,Sean Higgins,Michigan,6.0,220.0,3334.0,1375.0,402.0,226.0,0.428,0.321,0.85,15.2,6.3,1.8,1.0,0.4,0.006,-4.7,-2.3
109,1991,1,1,CHH,Larry Johnson,UNLV,10.0,707.0,25685.0,11450.0,5300.0,2298.0,0.484,0.332,0.766,36.3,16.2,7.5,3.3,69.7,0.13,1.4,22.0
110,1991,2,2,NJN,Kenny Anderson,Georgia Tech,14.0,858.0,25868.0,10789.0,2641.0,5196.0,0.421,0.346,0.79,30.1,12.6,3.1,6.1,62.5,0.116,1.4,21.9
111,1991,3,3,SAC,Billy Owens,Syracuse,10.0,600.0,17619.0,7026.0,4016.0,1704.0,0.481,0.291,0.629,29.4,11.7,6.7,2.8,28.6,0.078,-0.2,7.8
112,1991,4,4,DEN,Dikembe Mutombo,Georgetown,18.0,1196.0,36791.0,11729.0,12359.0,1240.0,0.518,0.0,0.684,30.8,9.8,10.3,1.0,117.0,0.153,1.7,33.9
113,1991,5,5,MIA,Steve Smith,Michigan State,14.0,942.0,28855.0,13430.0,3060.0,2922.0,0.44,0.358,0.845,30.6,14.3,3.2,3.1,83.7,0.139,1.4,24.6
114,1991,6,6,DAL,Doug Smith,Missouri,5.0,296.0,5833.0,2356.0,1234.0,400.0,0.425,0.083,0.773,19.7,8.0,4.2,1.4,3.0,0.024,-3.6,-2.4
115,1991,7,7,MIN,Luc Longley,New Mexico,10.0,567.0,12006.0,4090.0,2794.0,836.0,0.462,0.0,0.76,21.2,7.2,4.9,1.5,17.5,0.07,-2.6,-1.9
116,1991,8,8,DEN,Mark Macon,Temple,6.0,251.0,5018.0,1685.0,467.0,428.0,0.384,0.27,0.735,20.0,6.7,1.9,1.7,0.1,0.001,-3.7,-2.2
117,1991,9,9,ATL,Stacey Augmon,UNLV,15.0,1001.0,21658.0,7990.0,3216.0,1561.0,0.469,0.152,0.728,21.6,8.0,3.2,1.6,43.8,0.097,-0.2,9.8
118,1991,10,10,ORL,Bison Dele,Arizona,8.0,413.0,10004.0,4536.0,2564.0,440.0,0.528,0.143,0.691,24.2,11.0,6.2,1.1,22.8,0.109,-0.6,3.4
119,1991,11,11,CLE,Terrell Brandon,Oregon,11.0,724.0,21545.0,9994.0,2174.0,4407.0,0.448,0.355,0.873,29.8,13.8,3.0,6.1,65.9,0.147,3.6,30.3
120,1991,12,12,NYK,Greg Anthony,UNLV,11.0,757.0,15850.0,5497.0,1417.0,2997.0,0.403,0.349,0.733,20.9,7.3,1.9,4.0,35.9,0.109,1.3,13.3
121,1991,13,13,IND,Dale Davis,Clemson,16.0,1094.0,29606.0,8706.0,8605.0,978.0,0.53,0.0,0.562,27.1,8.0,7.9,0.9,86.9,0.141,0.5,18.4
122,1991,14,14,SEA,Rich King,Nebraska,4.0,72.0,309.0,135.0,74.0,21.0,0.393,0.0,0.662,4.3,1.9,1.0,0.3,0.2,0.036,-6.9,-0.4
123,1991,15,15,ATL,Anthony Avent,Seton Hall,6.0,352.0,6729.0,1958.0,1584.0,278.0,0.403,0.0,0.686,19.1,5.6,4.5,0.8,0.3,0.002,-5.7,-6.4
124,1991,16,16,GSW,Chris Gatling,Old Dominion,11.0,700.0,13760.0,7232.0,3741.0,461.0,0.513,0.249,0.66,19.7,10.3,5.3,0.7,32.1,0.112,-1.1,3.2
125,1991,17,17,GSW,Victor Alexander,Iowa State,5.0,286.0,5755.0,2542.0,1384.0,257.0,0.518,0.286,0.634,20.1,8.9,4.8,0.9,8.8,0.073,-2.2,-0.3
126,1991,18,18,MIL,Kevin Brooks,Louisiana,3.0,126.0,1031.0,417.0,141.0,48.0,0.401,0.2,0.859,8.2,3.3,1.1,0.4,-0.1,-0.004,-5.9,-1.0
127,1991,19,19,WSB,LaBradford Smith,Louisville,3.0,183.0,3131.0,1218.0,271.0,394.0,0.432,0.298,0.813,17.1,6.7,1.5,2.2,1.5,0.024,-3.6,-1.2
128,1991,20,20,HOU,John Turner,Phillips University,1.0,42.0,345.0,117.0,78.0,12.0,0.439,,0.525,8.2,2.8,1.9,0.3,-0.1,-0.021,-7.9,-0.5
129,1991,21,21,UTA,Eric Murdock,Providence,9.0,508.0,11882.0,5118.0,1261.0,2467.0,0.438,0.343,0.786,23.4,10.1,2.5,4.9,25.6,0.103,2.0,12.1
130,1991,22,22,LAC,LeRon Ellis,Syracuse,3.0,91.0,857.0,277.0,220.0,29.0,0.433,,0.613,9.4,3.0,2.4,0.3,1.2,0.069,-3.5,-0.3
131,1991,23,23,ORL,Stanley Roberts,LSU,8.0,300.0,5869.0,2555.0,1549.0,189.0,0.499,0.0,0.514,19.6,8.5,5.2,0.6,8.1,0.066,-3.4,-2.0
132,1991,24,24,BOS,Rick Fox,UNC,13.0,930.0,23723.0,8966.0,3517.0,2649.0,0.45,0.349,0.77,25.5,9.6,3.8,2.8,44.7,0.09,0.0,11.7
133,1991,25,25,GSW,Shaun Vandiver,Colorado,,,,,,,,,,,,,,,,,
134,1991,26,26,CHI,Mark Randall,Kansas,4.0,127.0,883.0,332.0,160.0,56.0,0.443,0.154,0.722,7.0,2.6,1.3,0.4,1.0,0.054,-3.3,-0.3
135,1991,27,27,SAC,Pete Chilcutt,UNC,9.0,584.0,8394.0,2494.0,1935.0,488.0,0.441,0.381,0.696,14.4,4.3,3.3,0.8,10.6,0.06,-1.8,0.3
136,1991,28,28,CHH,Kevin Lynch,Minnesota,2.0,95.0,1143.0,310.0,120.0,108.0,0.436,0.333,0.726,12.0,3.3,1.3,1.1,0.4,0.016,-4.4,-0.7
137,1991,29,29,MIA,George Ackles,UNLV,,,,,,,,,,,,,,,,,
138,1991,30,30,ATL,Rodney Monroe,NC State,1.0,38.0,313.0,131.0,33.0,27.0,0.368,0.222,0.826,8.2,3.4,0.9,0.7,-0.2,-0.035,-5.3,-0.3
139,1991,31,31,SAC,Randy Brown,New Mexico State,12.0,655.0,11533.0,3148.0,1173.0,1420.0,0.417,0.2,0.691,17.6,4.8,1.8,2.2,11.0,0.046,-1.9,0.2
140,1991,32,32,PHO,Chad Gallagher,Creighton,1.0,2.0,3.0,6.0,0.0,0.0,1.0,,,1.5,3.0,0.0,0.0,0.1,1.442,30.1,0.0
141,1991,33,33,DAL,Donald Hodge,Temple,5.0,249.0,3501.0,1182.0,809.0,191.0,0.437,0.286,0.711,14.1,4.7,3.2,0.8,1.8,0.025,-4.2,-1.9
142,1991,34,34,MIN,Myron Brown,Slippery Rock University of Pennsylvania,1.0,4.0,23.0,9.0,3.0,6.0,0.667,0.333,,5.8,2.3,0.8,1.5,0.0,0.032,-1.8,0.0
143,1991,35,35,DAL,Mike Iuzzolino,Saint Francis University,2.0,122.0,3049.0,1096.0,238.0,522.0,0.457,0.404,0.798,25.0,9.0,2.0,4.3,3.7,0.058,-1.9,0.1
144,1991,36,36,ORL,Chris Corchiani,NC State,3.0,112.0,1313.0,416.0,129.0,243.0,0.421,0.269,0.816,11.7,3.7,1.2,2.2,1.6,0.058,-1.8,0.1
145,1991,37,37,LAC,Elliot Perry,Memphis,10.0,549.0,9501.0,3449.0,742.0,1699.0,0.459,0.359,0.783,17.3,6.3,1.4,3.1,14.0,0.071,-0.5,3.6
146,1991,38,38,LAC,Joe Wylie,Miami (FL),,,,,,,,,,,,,,,,,
147,1991,39,39,CLE,Jimmy Oliver,Purdue,5.0,78.0,856.0,331.0,80.0,55.0,0.407,0.34,0.772,11.0,4.2,1.0,0.7,0.3,0.018,-4.7,-0.6
148,1991,40,40,DET,Doug Overton,La Salle,11.0,499.0,7275.0,2253.0,654.0,1038.0,0.412,0.319,0.816,14.6,4.5,1.3,2.1,2.5,0.016,-3.9,-3.5
149,1991,41,41,IND,Sean Green,Iona College,3.0,84.0,671.0,352.0,85.0,45.0,0.386,0.246,0.62,8.0,4.2,1.0,0.5,-1.3,-0.095,-7.0,-0.8
150,1991,42,42,SAC,Steve Hood,James Madison University,,,,,,,,,,,,,,,,,
151,1991,43,43,GSW,Lamont Strothers,Christopher Newport University,2.0,13.0,155.0,60.0,15.0,14.0,0.329,0.133,0.714,11.9,4.6,1.2,1.1,-0.5,-0.142,-7.7,-0.2
152,1991,44,44,PHI,Alvaro Teheran,Houston,,,,,,,,,,,,,,,,,
153,1991,45,45,MIL,Bobby Phills,Southern University and A&M College,9.0,467.0,13426.0,5153.0,1469.0,1246.0,0.443,0.39,0.738,28.7,11.0,3.1,2.7,27.2,0.097,0.2,7.5
154,1991,46,46,PHO,Richard Dumas,Oklahoma State,3.0,102.0,2226.0,1080.0,351.0,111.0,0.509,0.231,0.694,21.8,10.6,3.4,1.1,4.5,0.097,-0.2,1.0
155,1991,47,47,HOU,Keith Hughes,Rutgers University,,,,,,,,,,,,,,,,,
156,1991,48,48,UTA,Isaac Austin,Arizona State,9.0,432.0,8350.0,3285.0,2030.0,538.0,0.446,0.176,0.67,19.3,7.6,4.7,1.2,9.2,0.053,-2.5,-1.0
157,1991,49,49,SAS,Greg Sutton,Oral Roberts,3.0,168.0,1946.0,761.0,153.0,284.0,0.396,0.361,0.743,11.6,4.5,0.9,1.7,1.0,0.024,-3.6,-0.8
158,1991,50,50,PHO,Joey Wright,Texas,,,,,,,,,,,,,,,,,
159,1991,51,51,HOU,Žan Tabak,nan,6.0,247.0,3607.0,1233.0,883.0,165.0,0.506,0.0,0.525,14.6,5.0,3.6,0.7,2.4,0.032,-4.9,-2.7
160,1991,52,52,LAL,Anthony Jones,Oral Roberts,,,,,,,,,,,,,,,,,
161,1991,53,53,NJN,Von McDade,UW-Milwaukee,,,,,,,,,,,,,,,,,
162,1991,54,54,POR,Marcus Kennedy,Eastern Michigan,,,,,,,,,,,,,,,,,
163,1992,1,1,ORL,Shaquille O'Neal,LSU,19.0,1207.0,41918.0,28596.0,13099.0,3026.0,0.582,0.045,0.527,34.7,23.7,10.9,2.5,181.7,0.208,5.1,75.5
164,1992,2,2,CHH,Alonzo Mourning,Georgetown,15.0,838.0,25975.0,14311.0,7137.0,946.0,0.527,0.247,0.692,31.0,17.1,8.5,1.1,89.7,0.166,2.2,27.4
165,1992,3,3,MIN,Christian Laettner,Duke,13.0,868.0,25760.0,11121.0,5806.0,2224.0,0.48,0.261,0.82,29.7,12.8,6.7,2.6,64.9,0.121,1.0,19.5
166,1992,4,4,DAL,Jim Jackson,Ohio State,14.0,885.0,29067.0,12690.0,4152.0,2851.0,0.428,0.365,0.825,32.8,14.3,4.7,3.2,35.8,0.059,-0.9,8.2
167,1992,5,5,DEN,LaPhonso Ellis,Notre Dame,11.0,624.0,17616.0,7410.0,4032.0,981.0,0.452,0.302,0.73,28.2,11.9,6.5,1.6,32.8,0.089,-1.0,4.6
168,1992,6,6,WSB,Tom Gugliotta,NC State,13.0,763.0,23556.0,9895.0,5589.0,2140.0,0.451,0.284,0.757,30.9,13.0,7.3,2.8,40.2,0.082,0.6,15.3
169,1992,7,7,SAC,Walt Williams,Maryland,11.0,708.0,18818.0,8385.0,2794.0,1637.0,0.425,0.379,0.743,26.6,11.8,3.9,2.3,33.9,0.087,0.5,11.8
170,1992,8,8,MIL,Todd Day,Arkansas,8.0,483.0,12214.0,5917.0,1649.0,713.0,0.406,0.345,0.739,25.3,12.3,3.4,1.5,17.5,0.069,-0.9,3.4
171,1992,9,9,PHI,Clarence Weatherspoon,Southern Miss,13.0,915.0,27736.0,10483.0,6846.0,1346.0,0.471,0.196,0.743,30.3,11.5,7.5,1.5,58.4,0.101,-0.3,11.8
172,1992,10,10,ATL,Adam Keefe,Stanford,9.0,617.0,10334.0,3107.0,2556.0,427.0,0.502,0.071,0.714,16.7,5.0,4.1,0.7,24.9,0.116,-1.3,1.7
173,1992,11,11,HOU,Robert Horry,Alabama,16.0,1107.0,27069.0,7715.0,5269.0,2343.0,0.425,0.341,0.726,24.5,7.0,4.8,2.1,66.3,0.118,1.9,26.4
174,1992,12,12,MIA,Harold Miner,USC,4.0,200.0,3748.0,1801.0,432.0,245.0,0.46,0.311,0.785,18.7,9.0,2.2,1.2,4.2,0.053,-3.0,-0.9
175,1992,13,13,DEN,Bryant Stith,Virginia,10.0,586.0,16417.0,5946.0,1983.0,1178.0,0.424,0.329,0.841,28.0,10.1,3.4,2.0,29.5,0.086,-0.8,4.9
176,1992,14,14,IND,Malik Sealy,St. John's,8.0,493.0,11720.0,4955.0,1585.0,816.0,0.426,0.292,0.809,23.8,10.1,3.2,1.7,17.1,0.07,-1.2,2.2
177,1992,15,15,LAL,Anthony Peeler,Missouri,13.0,827.0,20464.0,8017.0,2136.0,1956.0,0.427,0.384,0.799,24.7,9.7,2.6,2.4,30.7,0.072,-0.7,6.6
178,1992,16,16,LAC,Randy Woods,La Salle,4.0,151.0,1093.0,356.0,93.0,257.0,0.34,0.305,0.683,7.2,2.4,0.6,1.7,0.6,0.026,-1.5,0.1
179,1992,17,17,SEA,Doug Christie,Pepperdine,15.0,827.0,26079.0,9301.0,3382.0,2992.0,0.426,0.354,0.821,31.5,11.2,4.1,3.6,55.7,0.102,1.1,20.7
180,1992,18,18,SAS,Tracy Murray,UCLA,12.0,659.0,12103.0,5943.0,1649.0,508.0,0.43,0.388,0.829,18.4,9.0,2.5,0.8,24.1,0.096,-0.1,5.8
181,1992,19,19,DET,Don MacLean,UCLA,9.0,319.0,6679.0,3490.0,1210.0,404.0,0.455,0.284,0.765,20.9,10.9,3.8,1.3,9.4,0.067,-2.5,-0.9
182,1992,20,20,NYK,Hubert Davis,UNC,12.0,685.0,15143.0,5583.0,1045.0,1172.0,0.458,0.441,0.837,22.1,8.2,1.5,1.7,27.7,0.088,-0.9,4.2
183,1992,21,21,BOS,Jon Barry,Georgia Tech,14.0,821.0,13880.0,4715.0,1513.0,1784.0,0.434,0.392,0.848,16.9,5.7,1.8,2.2,37.2,0.129,1.8,13.4
184,1992,22,22,PHO,Oliver Miller,Arkansas,9.0,493.0,11338.0,3625.0,2893.0,1061.0,0.534,0.116,0.639,23.0,7.4,5.9,2.2,21.1,0.089,0.6,7.4
185,1992,23,23,MIL,Lee Mayberry,Arkansas,7.0,496.0,10337.0,2546.0,642.0,1767.0,0.415,0.377,0.659,20.8,5.1,1.3,3.6,7.9,0.036,-2.9,-2.3
186,1992,24,24,GSW,Latrell Sprewell,Alabama,13.0,913.0,35270.0,16712.0,3724.0,3664.0,0.425,0.337,0.804,38.6,18.3,4.1,4.0,56.3,0.077,0.4,21.0
187,1992,25,25,LAC,Elmore Spencer,UNLV,5.0,157.0,2641.0,923.0,555.0,109.0,0.516,0.0,0.58,16.8,5.9,3.5,0.7,0.0,0.001,-4.6,-1.7
188,1992,26,26,POR,Dave Johnson,Syracuse,2.0,59.0,475.0,204.0,64.0,17.0,0.365,0.2,0.663,8.1,3.5,1.1,0.3,-0.3,-0.032,-8.2,-0.7
189,1992,27,27,CHI,Byron Houston,Oklahoma State,4.0,214.0,2674.0,835.0,648.0,114.0,0.456,0.256,0.676,12.5,3.9,3.0,0.5,3.9,0.069,-3.9,-1.3
190,1992,28,28,MIN,Marlon Maxey,Texas-El Paso,2.0,98.0,1146.0,479.0,363.0,22.0,0.542,0.0,0.685,11.7,4.9,3.7,0.2,2.6,0.109,-3.0,-0.3
191,1992,29,29,NJN,P.J. Brown,Louisiana Tech,15.0,1089.0,33823.0,9870.0,8409.0,1661.0,0.46,0.136,0.794,31.1,9.1,7.7,1.5,89.8,0.128,0.0,17.4
192,1992,30,30,DAL,Sean Rooks,Arizona,12.0,749.0,13560.0,4676.0,2877.0,631.0,0.459,0.091,0.699,18.1,6.2,3.8,0.8,16.2,0.057,-2.9,-3.1
193,1992,31,31,POR,Reggie Smith,TCU,2.0,66.0,384.0,99.0,120.0,5.0,0.394,0.0,0.404,5.8,1.5,1.8,0.1,0.4,0.051,-5.1,-0.3
194,1992,32,32,WSB,Brent Price,Oklahoma,9.0,418.0,7007.0,2481.0,684.0,1236.0,0.426,0.387,0.824,16.8,5.9,1.6,3.0,12.0,0.082,-0.8,2.2
195,1992,33,33,CHI,Corey Williams,Oklahoma State,2.0,39.0,288.0,92.0,37.0,29.0,0.367,0.25,0.826,7.4,2.4,0.9,0.7,0.2,0.037,-5.6,-0.3
196,1992,34,34,MIN,Chris Smith,UConn,3.0,224.0,3956.0,1140.0,291.0,627.0,0.435,0.366,0.713,17.7,5.1,1.3,2.8,3.2,0.039,-2.3,-0.3
197,1992,35,35,CHH,Tony Bennett,Green Bay,3.0,152.0,1886.0,538.0,155.0,303.0,0.412,0.335,0.732,12.4,3.5,1.0,2.0,1.6,0.041,-2.7,-0.3
198,1992,36,36,LAL,Duane Cooper,USC,2.0,88.0,781.0,204.0,59.0,178.0,0.402,0.216,0.72,8.9,2.3,0.7,2.0,-0.5,-0.032,-6.1,-0.8
199,1992,37,37,MIA,Isaiah Morris,Arkansas,1.0,25.0,102.0,55.0,12.0,4.0,0.456,,0.75,4.1,2.2,0.5,0.2,0.0,-0.022,-5.7,-0.1
200,1992,38,38,ATL,Elmer Bennett,Notre Dame,3.0,21.0,159.0,48.0,10.0,22.0,0.34,0.273,0.722,7.6,2.3,0.5,1.0,-0.3,-0.095,-6.9,-0.2
201,1992,39,39,CHI,Litterial Green,Georgia,5.0,148.0,1189.0,423.0,75.0,182.0,0.42,0.077,0.665,8.0,2.9,0.5,1.2,1.6,0.066,-2.4,-0.1
202,1992,40,40,NJN,Steve Rogers,Alabama State University,,,,,,,,,,,,,,,,,
203,1992,41,41,HOU,Popeye Jones,Murray State,11.0,535.0,12579.0,3726.0,3981.0,696.0,0.447,0.281,0.751,23.5,7.0,7.4,1.3,22.0,0.084,-2.7,-2.1
204,1992,42,42,MIA,Matt Geiger,Georgia Tech,10.0,552.0,12221.0,5059.0,3158.0,388.0,0.499,0.232,0.728,22.1,9.2,5.7,0.7,28.4,0.112,-1.8,0.6
205,1992,43,43,GSW,Sasha Danilović,nan,2.0,75.0,2331.0,957.0,182.0,149.0,0.439,0.379,0.789,31.1,12.8,2.4,2.0,4.2,0.087,-0.7,0.8
206,1992,44,44,SAS,Henry Williams,UNC Charlotte,,,,,,,,,,,,,,,,,
207,1992,45,45,SEA,Chris King,Wake Forest,3.0,103.0,2058.0,693.0,311.0,116.0,0.423,0.383,0.633,20.0,6.7,3.0,1.1,1.0,0.023,-2.8,-0.4
208,1992,46,46,DEN,Robert Werdann,St. John's,3.0,47.0,273.0,101.0,81.0,9.0,0.378,0.0,0.574,5.8,2.1,1.7,0.2,0.1,0.026,-6.3,-0.3
209,1992,47,47,BOS,Darren Morningstar,Pitt,1.0,23.0,367.0,96.0,81.0,15.0,0.476,,0.6,16.0,4.2,3.5,0.7,0.4,0.048,-4.5,-0.2
210,1992,48,48,PHO,Brian Davis,Duke,1.0,68.0,374.0,131.0,55.0,22.0,0.317,0.333,0.735,5.5,1.9,0.8,0.3,0.0,0.0,-4.7,-0.3
211,1992,49,49,PHO,Ron Ellis,Louisiana Tech,,,,,,,,,,,,,,,,,
212,1992,50,50,GSW,Matt Fish,UNC Wilmington,3.0,50.0,512.0,177.0,110.0,25.0,0.5,0.0,0.625,10.2,3.5,2.2,0.5,0.6,0.058,-3.1,-0.1
213,1992,51,51,MIN,Tim Burroughs,Jacksonville University,,,,,,,,,,,,,,,,,
214,1992,52,52,CHI,Matt Steigenga,Michigan State,1.0,2.0,12.0,3.0,3.0,2.0,0.25,0.0,0.5,6.0,1.5,1.5,1.0,0.0,-0.126,-8.5,0.0
215,1992,53,53,HOU,Curtis Blair,Richmond,,,,,,,,,,,,,,,,,
216,1992,54,54,SAC,Brett Roberts,Morehead State University,,,,,,,,,,,,,,,,,
217,1993,1,1,ORL,Chris Webber,Michigan,15.0,831.0,30847.0,17182.0,8124.0,3526.0,0.479,0.299,0.649,37.1,20.7,9.8,4.2,84.7,0.132,3.4,42.1
218,1993,2,2,PHI,Shawn Bradley,BYU,12.0,832.0,19531.0,6752.0,5268.0,573.0,0.457,0.103,0.716,23.5,8.1,6.3,0.7,40.7,0.1,-0.2,8.9
219,1993,3,3,GSW,Anfernee Hardaway,Memphis,14.0,704.0,23711.0,10684.0,3146.0,3525.0,0.458,0.316,0.774,33.7,15.2,4.5,5.0,61.9,0.125,2.5,26.9
220,1993,4,4,DAL,Jamal Mashburn,Kentucky,11.0,611.0,22762.0,11644.0,3271.0,2414.0,0.418,0.345,0.766,37.3,19.1,5.4,4.0,43.7,0.092,0.3,13.4
221,1993,5,5,MIN,Isaiah Rider,UNLV,9.0,563.0,17851.0,9405.0,2166.0,1535.0,0.443,0.352,0.812,31.7,16.7,3.8,2.7,22.8,0.061,-1.0,4.5
222,1993,6,6,WSB,Calbert Cheaney,Indiana,13.0,825.0,22007.0,7826.0,2610.0,1398.0,0.466,0.298,0.691,26.7,9.5,3.2,1.7,23.1,0.05,-2.5,-2.9
223,1993,7,7,SAC,Bobby Hurley,Duke,5.0,269.0,4170.0,1032.0,283.0,880.0,0.353,0.272,0.769,15.5,3.8,1.1,3.3,-1.2,-0.014,-5.4,-3.5
224,1993,8,8,MIL,Vin Baker,University of Hartford,13.0,791.0,25737.0,11839.0,5867.0,1509.0,0.485,0.215,0.638,32.5,15.0,7.4,1.9,47.0,0.088,-1.2,5.3
225,1993,9,9,DEN,Rodney Rogers,Wake Forest,12.0,866.0,21873.0,9468.0,3881.0,1722.0,0.451,0.347,0.69,25.3,10.9,4.5,2.0,38.8,0.085,-0.3,9.7
226,1993,10,10,DET,Lindsey Hunter,Jackson State University,17.0,937.0,23253.0,7956.0,2021.0,2506.0,0.388,0.36,0.746,24.8,8.5,2.2,2.7,32.9,0.068,-0.4,9.4
227,1993,11,11,DET,Allan Houston,Tennessee,12.0,839.0,28311.0,14551.0,2434.0,1990.0,0.444,0.402,0.863,33.7,17.3,2.9,2.4,55.3,0.094,0.1,15.0
228,1993,12,12,LAL,George Lynch,UNC,12.0,774.0,17683.0,5109.0,3902.0,1121.0,0.446,0.306,0.652,22.8,6.6,5.0,1.4,32.3,0.088,-0.4,7.3
229,1993,13,13,LAC,Terry Dehere,Seton Hall,6.0,402.0,7305.0,3235.0,588.0,1034.0,0.411,0.378,0.779,18.2,8.0,1.5,2.6,7.3,0.048,-2.6,-1.1
230,1993,14,14,IND,Scott Haskin,Oregon State,1.0,27.0,186.0,55.0,55.0,6.0,0.467,,0.684,6.9,2.0,2.0,0.2,0.3,0.087,-2.8,0.0
231,1993,15,15,ATL,Doug Edwards,Florida State,3.0,85.0,838.0,203.0,153.0,60.0,0.378,0.0,0.709,9.9,2.4,1.8,0.7,0.2,0.013,-4.8,-0.6
232,1993,16,16,NJN,Rex Walters,Kansas,7.0,335.0,4602.0,1547.0,403.0,569.0,0.441,0.361,0.809,13.7,4.6,1.2,1.7,6.3,0.066,-2.0,0.0
233,1993,17,17,CHH,Greg Graham,Indiana,5.0,207.0,2530.0,938.0,219.0,201.0,0.407,0.29,0.775,12.2,4.5,1.1,1.0,1.3,0.025,-3.8,-1.2
234,1993,18,18,UTA,Luther Wright,Seton Hall,1.0,15.0,92.0,19.0,10.0,0.0,0.348,0.0,0.75,6.1,1.3,0.7,0.0,-0.1,-0.064,-12.3,-0.2
235,1993,19,19,BOS,Acie Earl,Iowa,4.0,193.0,2512.0,980.0,517.0,61.0,0.403,0.0,0.667,13.0,5.1,2.7,0.3,0.3,0.005,-5.9,-2.5
236,1993,20,20,CHH,Scott Burrell,UConn,8.0,383.0,7592.0,2647.0,1332.0,527.0,0.418,0.373,0.723,19.8,6.9,3.5,1.4,16.4,0.104,0.7,5.2
237,1993,21,21,POR,James Robinson,Alabama,7.0,381.0,6935.0,2882.0,660.0,715.0,0.394,0.348,0.666,18.2,7.6,1.7,1.9,5.8,0.04,-2.0,0.0
238,1993,22,22,CLE,Chris Mills,Arizona,10.0,568.0,17282.0,6357.0,2808.0,1063.0,0.432,0.351,0.817,30.4,11.2,4.9,1.9,37.7,0.105,-0.5,6.8
239,1993,23,23,SEA,Ervin Johnson,New Orleans,13.0,845.0,16989.0,3473.0,5148.0,387.0,0.505,0.2,0.605,20.1,4.1,6.1,0.5,37.8,0.107,-1.4,2.6
240,1993,24,24,HOU,Sam Cassell,Florida State,15.0,993.0,29812.0,15635.0,3221.0,5939.0,0.454,0.331,0.861,30.0,15.7,3.2,6.0,87.5,0.141,1.8,28.8
241,1993,25,25,CHI,Corie Blount,Cincinnati,11.0,644.0,9925.0,2287.0,2690.0,460.0,0.471,0.115,0.587,15.4,3.6,4.2,0.7,18.2,0.088,-2.5,-1.1
242,1993,26,26,ORL,Geert Hammink,LSU,3.0,8.0,27.0,14.0,7.0,2.0,0.4,,0.667,3.4,1.8,0.9,0.3,0.1,0.089,-3.7,0.0
243,1993,27,27,PHO,Malcolm Mackey,Georgia Tech,1.0,22.0,69.0,32.0,24.0,1.0,0.378,0.0,0.5,3.1,1.5,1.1,0.0,0.1,0.036,-8.7,-0.1
244,1993,28,28,DAL,Lucious Harris,Cal State Long Beach,12.0,800.0,15701.0,5784.0,1864.0,1130.0,0.426,0.348,0.79,19.6,7.2,2.3,1.4,28.7,0.088,-0.9,4.5
245,1993,29,29,MIN,Sherron Mills,VCU,,,,,,,,,,,,,,,,,
246,1993,30,30,WSB,Gheorghe Mureșan,nan,6.0,307.0,6729.0,3020.0,1957.0,150.0,0.573,0.0,0.644,21.9,9.8,6.4,0.5,19.0,0.136,-0.3,2.9
247,1993,31,31,SAC,Evers Burns,Maryland,1.0,23.0,143.0,56.0,30.0,9.0,0.4,,0.522,6.2,2.4,1.3,0.4,0.1,0.02,-5.5,-0.1
248,1993,32,32,PHI,Alphonso Ford,Mississippi Valley State University,2.0,11.0,114.0,35.0,20.0,10.0,0.308,0.1,0.5,10.4,3.2,1.8,0.9,-0.4,-0.153,-8.4,-0.2
249,1993,33,33,DAL,Eric Riley,Michigan,5.0,186.0,1844.0,574.0,479.0,60.0,0.456,0.0,0.704,9.9,3.1,2.6,0.3,2.5,0.066,-3.8,-0.9
250,1993,34,34,GSW,Darnell Mee,Western Kentucky,2.0,40.0,293.0,76.0,36.0,18.0,0.312,0.222,0.444,7.3,1.9,0.9,0.5,-0.1,-0.02,-2.8,-0.1
251,1993,35,35,MIA,Ed Stokes,Arizona,1.0,4.0,17.0,3.0,4.0,1.0,0.333,,0.5,4.3,0.8,1.0,0.3,0.0,-0.077,-7.6,0.0
252,1993,36,36,NJN,John Best,Tennessee Technological University,,,,,,,,,,,,,,,,,
253,1993,37,37,LAL,Nick Van Exel,Cincinnati,13.0,880.0,28969.0,12658.0,2545.0,5777.0,0.405,0.357,0.794,32.9,14.4,2.9,6.6,55.9,0.093,0.4,17.7
254,1993,38,38,WSB,Conrad McRae,Syracuse,,,,,,,,,,,,,,,,,
255,1993,39,39,IND,Thomas Hill,Duke,,,,,,,,,,,,,,,,,
256,1993,40,40,ATL,Rich Manning,Washington,2.0,55.0,512.0,182.0,94.0,10.0,0.415,0.4,0.643,9.3,3.3,1.7,0.2,-0.3,-0.028,-8.3,-0.8
257,1993,41,41,CHI,Anthony Reed,Tulane,,,,,,,,,,,,,,,,,
258,1993,42,42,SEA,Adonis Jordan,Kansas,2.0,10.0,97.0,21.0,6.0,22.0,0.296,0.25,0.5,9.7,2.1,0.6,2.2,0.0,-0.015,-2.9,0.0
259,1993,43,43,DEN,Josh Grant,Utah,1.0,53.0,382.0,157.0,89.0,24.0,0.404,0.279,0.759,7.2,3.0,1.7,0.5,0.5,0.06,-2.3,0.0
260,1993,44,44,SAC,Alex Holcombe,Baylor,,,,,,,,,,,,,,,,,
261,1993,45,45,UTA,Bryon Russell,Cal State Long Beach,13.0,841.0,19805.0,6663.0,2914.0,1085.0,0.431,0.369,0.75,23.5,7.9,3.5,1.3,47.4,0.115,0.4,11.8
262,1993,46,46,HOU,Richard Petruška,UCLA,1.0,22.0,92.0,53.0,31.0,1.0,0.435,0.467,0.75,4.2,2.4,1.4,0.0,0.0,-0.014,-8.2,-0.1
263,1993,47,47,SAS,Chris Whitney,Clemson,11.0,579.0,10052.0,3738.0,815.0,1613.0,0.395,0.361,0.875,17.4,6.5,1.4,2.8,21.2,0.101,-0.2,4.6
264,1993,48,48,POR,Kevin Thompson,NC State,1.0,14.0,58.0,13.0,13.0,3.0,0.429,0.0,0.5,4.1,0.9,0.9,0.2,0.0,-0.016,-8.1,-0.1
265,1993,49,49,PHO,Mark Buford,Mississippi Valley State University,,,,,,,,,,,,,,,,,
266,1993,50,50,HOU,Marcelo Nicola,nan,,,,,,,,,,,,,,,,,
267,1993,51,51,IND,Spencer Dunkley,University of Delaware,,,,,,,,,,,,,,,,,
268,1993,52,52,SAC,Mike Peplowski,Michigan State,3.0,68.0,705.0,194.0,176.0,26.0,0.556,0.0,0.531,10.4,2.9,2.6,0.4,1.0,0.067,-4.5,-0.4
269,1993,53,53,LAC,Leonard White,Southern University and A&M College,,,,,,,,,,,,,,,,,
270,1993,54,54,PHO,Byron Wilson,Utah,,,,,,,,,,,,,,,,,
271,1994,1,1,MIL,Glenn Robinson,Purdue,11.0,688.0,25346.0,14234.0,4189.0,1879.0,0.459,0.34,0.82,36.8,20.7,6.1,2.7,39.8,0.075,0.1,13.5
272,1994,2,2,DAL,Jason Kidd,California,19.0,1391.0,50111.0,17529.0,8725.0,12091.0,0.4,0.349,0.785,36.0,12.6,6.3,8.7,138.6,0.133,3.8,73.5
273,1994,3,3,DET,Grant Hill,Duke,18.0,1026.0,34776.0,17137.0,6169.0,4252.0,0.483,0.314,0.769,33.9,16.7,6.0,4.1,99.9,0.138,3.0,43.6
274,1994,4,4,MIN,Donyell Marshall,UConn,15.0,957.0,25027.0,10716.0,6376.0,1305.0,0.435,0.35,0.731,26.2,11.2,6.7,1.4,59.0,0.113,1.1,19.9
275,1994,5,5,WSB,Juwan Howard,Michigan,19.0,1208.0,36654.0,16159.0,7428.0,2663.0,0.469,0.12,0.764,30.3,13.4,6.1,2.2,59.4,0.078,-1.6,3.8
276,1994,6,6,PHI,Sharone Wright,Clemson,4.0,203.0,4531.0,1974.0,1023.0,118.0,0.456,0.083,0.618,22.3,9.7,5.0,0.6,1.4,0.015,-4.8,-3.2
277,1994,7,7,LAC,Lamond Murray,California,11.0,736.0,18477.0,8286.0,3033.0,978.0,0.43,0.36,0.759,25.1,11.3,4.1,1.3,19.8,0.052,-1.2,4.0
278,1994,8,8,SAC,Brian Grant,Xavier,12.0,756.0,21417.0,7933.0,5622.0,923.0,0.49,0.214,0.746,28.3,10.5,7.4,1.2,54.5,0.122,-0.8,6.2
279,1994,9,9,BOS,Eric Montross,UNC,8.0,465.0,8479.0,2071.0,2159.0,207.0,0.49,0.0,0.478,18.2,4.5,4.6,0.4,8.5,0.048,-4.4,-5.2
280,1994,10,10,LAL,Eddie Jones,Temple,14.0,954.0,32778.0,14155.0,3857.0,2812.0,0.437,0.373,0.809,34.4,14.8,4.0,2.9,100.6,0.147,3.1,42.3
281,1994,11,11,SEA,Carlos Rogers,Tennessee State,8.0,298.0,5654.0,2196.0,1272.0,182.0,0.536,0.258,0.562,19.0,7.4,4.3,0.6,11.1,0.095,-1.0,1.5
282,1994,12,12,MIA,Khalid Reeves,Arizona,6.0,277.0,5837.0,2167.0,580.0,886.0,0.416,0.363,0.744,21.1,7.8,2.1,3.2,8.4,0.069,-1.3,1.0
283,1994,13,13,DEN,Jalen Rose,Michigan,13.0,923.0,27925.0,13220.0,3193.0,3527.0,0.443,0.355,0.801,30.3,14.3,3.5,3.8,47.2,0.081,-0.2,12.3
284,1994,14,14,NJN,Yinka Dare,George Washington,4.0,110.0,1002.0,233.0,281.0,4.0,0.396,,0.57,9.1,2.1,2.6,0.0,-0.7,-0.033,-8.4,-1.6
285,1994,15,15,IND,Eric Piatkowski,Nebraska,14.0,789.0,14613.0,5919.0,1716.0,778.0,0.434,0.399,0.839,18.5,7.5,2.2,1.0,31.0,0.102,0.2,7.9
286,1994,16,16,GSW,Clifford Rozier,Louisville,4.0,173.0,2984.0,827.0,897.0,98.0,0.496,0.182,0.465,17.2,4.8,5.2,0.6,3.9,0.063,-3.5,-1.1
287,1994,17,17,POR,Aaron McKie,Temple,13.0,793.0,19156.0,5871.0,2587.0,2126.0,0.438,0.35,0.779,24.2,7.4,3.3,2.7,40.0,0.1,0.7,12.9
288,1994,18,18,MIL,Eric Mobley,Pitt,3.0,113.0,1570.0,440.0,351.0,57.0,0.541,0.75,0.475,13.9,3.9,3.1,0.5,1.1,0.034,-4.3,-0.9
289,1994,19,19,DAL,Tony Dumas,Missouri-Kansas City,4.0,156.0,2222.0,1140.0,198.0,186.0,0.404,0.327,0.608,14.2,7.3,1.3,1.2,1.3,0.027,-3.3,-0.7
290,1994,20,20,PHI,B.J. Tyler,Texas,1.0,55.0,809.0,195.0,62.0,174.0,0.381,0.314,0.7,14.7,3.5,1.1,3.2,-0.7,-0.039,-5.0,-0.6
291,1994,21,21,CHI,Dickey Simpkins,Providence,7.0,327.0,5201.0,1388.0,1187.0,305.0,0.44,0.222,0.618,15.9,4.2,3.6,0.9,4.7,0.044,-4.5,-3.3
292,1994,22,22,SAS,Bill Curley,Boston College,5.0,147.0,1614.0,394.0,290.0,60.0,0.444,0.222,0.743,11.0,2.7,2.0,0.4,1.6,0.047,-5.3,-1.3
293,1994,23,23,PHO,Wesley Person,Auburn,11.0,733.0,20727.0,8192.0,2402.0,1234.0,0.457,0.418,0.778,28.3,11.2,3.3,1.7,44.0,0.102,0.9,15.2
294,1994,24,24,NYK,Monty Williams,Notre Dame,9.0,456.0,7624.0,2884.0,1296.0,544.0,0.481,0.111,0.665,16.7,6.3,2.8,1.2,11.4,0.072,-1.8,0.3
295,1994,25,25,LAC,Greg Minor,Louisville,5.0,277.0,5144.0,1902.0,741.0,384.0,0.478,0.226,0.767,18.6,6.9,2.7,1.4,8.2,0.077,-1.5,0.7
296,1994,26,26,NYK,Charlie Ward,Florida State,11.0,630.0,14080.0,3947.0,1648.0,2539.0,0.408,0.364,0.771,22.3,6.3,2.6,4.0,33.0,0.113,2.1,14.5
297,1994,27,27,ORL,Brooks Thompson,Oklahoma State,4.0,168.0,1714.0,760.0,158.0,281.0,0.409,0.376,0.647,10.2,4.5,0.9,1.7,2.0,0.057,-1.5,0.2
298,1994,28,28,DAL,Deon Thomas,Illinois,,,,,,,,,,,,,,,,,
299,1994,29,29,PHO,Antonio Lang,Duke,6.0,143.0,1395.0,329.0,210.0,50.0,0.455,0.0,0.719,9.8,2.3,1.5,0.3,1.7,0.057,-3.8,-0.6
300,1994,30,30,MIN,Howard Eisley,Boston College,12.0,786.0,16013.0,5116.0,1324.0,2748.0,0.407,0.35,0.827,20.4,6.5,1.7,3.5,19.5,0.058,-1.7,1.3
301,1994,31,31,ORL,Rodney Dent,Kentucky,,,,,,,,,,,,,,,,,
302,1994,32,32,WSB,Jim McIlvaine,Marquette,7.0,401.0,5927.0,1072.0,1243.0,105.0,0.446,0.1,0.551,14.8,2.7,3.1,0.3,9.4,0.076,-2.2,-0.3
303,1994,33,33,PHI,Derrick Alston,Duquesne,3.0,139.0,2657.0,751.0,525.0,94.0,0.489,0.143,0.487,19.1,5.4,3.8,0.7,2.6,0.047,-2.8,-0.5
304,1994,34,34,ATL,Gaylon Nickerson,Northwestern Oklahoma State University,1.0,4.0,42.0,15.0,5.0,1.0,0.333,0.0,1.0,10.5,3.8,1.3,0.3,0.1,0.076,-1.2,0.0
305,1994,35,35,SAC,Michael Smith,Providence,7.0,449.0,10552.0,2527.0,3193.0,661.0,0.538,0.143,0.529,23.5,5.6,7.1,1.5,23.4,0.107,-0.1,5.1
306,1994,36,36,BOS,Andrei Fetisov,nan,,,,,,,,,,,,,,,,,
307,1994,37,37,SEA,Dontonio Wingfield,Cincinnati,4.0,114.0,1146.0,423.0,275.0,76.0,0.389,0.309,0.721,10.1,3.7,2.4,0.7,1.8,0.074,-2.6,-0.2
308,1994,38,38,CHH,Darrin Hancock,Kansas,3.0,133.0,1395.0,467.0,169.0,89.0,0.53,0.333,0.579,10.5,3.5,1.3,0.7,1.1,0.038,-3.3,-0.5
309,1994,39,39,GSW,Anthony Miller,Michigan State,8.0,181.0,1637.0,510.0,488.0,66.0,0.51,0.25,0.576,9.0,2.8,2.7,0.4,3.8,0.11,-2.6,-0.2
310,1994,40,40,MIA,Jeff Webster,Oklahoma,1.0,11.0,58.0,18.0,7.0,3.0,0.348,0.333,,5.3,1.6,0.6,0.3,0.0,-0.03,-4.9,0.0
311,1994,41,41,IND,William Njoku,nan,,,,,,,,,,,,,,,,,
312,1994,42,42,CLE,Gary Collier,Tulsa,,,,,,,,,,,,,,,,,
313,1994,43,43,POR,Shawnelle Scott,St. John's,4.0,105.0,634.0,189.0,228.0,20.0,0.464,,0.465,6.0,1.8,2.2,0.2,1.3,0.101,-3.8,-0.3
314,1994,44,44,IND,Damon Bailey,Indiana,,,,,,,,,,,,,,,,,
315,1994,45,45,GSW,Dwayne Morton,Louisville,1.0,41.0,395.0,167.0,58.0,18.0,0.388,0.36,0.682,9.6,4.1,1.4,0.4,0.2,0.025,-3.5,-0.1
316,1994,46,46,MIL,Voshon Lenard,Minnesota,11.0,565.0,15349.0,6745.0,1609.0,1180.0,0.415,0.384,0.787,27.2,11.9,2.8,2.1,29.6,0.093,0.0,7.9
317,1994,47,47,UTA,Jamie Watson,South Carolina,4.0,102.0,1248.0,323.0,149.0,117.0,0.468,0.316,0.694,12.2,3.2,1.5,1.1,1.2,0.045,-1.5,0.2
318,1994,48,48,DET,Jevon Crudup,Missouri,,,,,,,,,,,,,,,,,
319,1994,49,49,CHI,Kris Bruton,Benedict College,,,,,,,,,,,,,,,,,
320,1994,50,50,PHO,Charles Claxton,Georgia,1.0,3.0,7.0,2.0,2.0,0.0,0.5,,0.0,2.3,0.7,0.7,0.0,0.0,-0.179,-18.9,0.0
321,1994,51,51,SAC,Lawrence Funderburke,Ohio State,7.0,318.0,4726.0,2031.0,1142.0,183.0,0.506,0.118,0.675,14.9,6.4,3.6,0.6,12.9,0.131,-0.5,1.8
322,1994,52,52,PHO,Anthony Goldwire,Houston,8.0,266.0,4951.0,1667.0,359.0,737.0,0.407,0.386,0.792,18.6,6.3,1.3,2.8,6.4,0.062,-1.8,0.3
323,1994,53,53,HOU,Albert Burditt,Texas,,,,,,,,,,,,,,,,,
324,1994,54,54,SEA,Željko Rebrača,nan,5.0,215.0,3280.0,1276.0,688.0,88.0,0.527,,0.792,15.3,5.9,3.2,0.4,8.3,0.121,-2.2,-0.2
325,1995,1,1,GSW,Joe Smith,Maryland,16.0,1030.0,27022.0,11208.0,6575.0,1010.0,0.455,0.238,0.79,26.2,10.9,6.4,1.0,60.3,0.107,-1.5,3.0
326,1995,2,2,LAC,Antonio McDyess,Alabama,15.0,1015.0,28053.0,12227.0,7638.0,1300.0,0.497,0.117,0.67,27.6,12.0,7.5,1.3,69.8,0.119,-0.1,13.2
327,1995,3,3,PHI,Jerry Stackhouse,UNC,18.0,970.0,30222.0,16409.0,3067.0,3240.0,0.409,0.309,0.822,31.2,16.9,3.2,3.3,52.4,0.083,0.3,17.4
328,1995,4,4,WSB,Rasheed Wallace,UNC,16.0,1109.0,36243.0,16006.0,7404.0,1994.0,0.467,0.336,0.721,32.7,14.4,6.7,1.8,105.1,0.139,2.2,38.3
329,1995,5,5,MIN,Kevin Garnett,nan,21.0,1462.0,50418.0,26071.0,14662.0,5445.0,0.497,0.275,0.789,34.5,17.8,10.0,3.7,191.4,0.182,5.6,96.9
330,1995,6,6,VAN,Bryant Reeves,Oklahoma State,6.0,395.0,12071.0,4945.0,2745.0,623.0,0.475,0.074,0.703,30.6,12.5,6.9,1.6,13.0,0.052,-3.4,-4.3
331,1995,7,7,TOR,Damon Stoudamire,Arizona,13.0,878.0,29106.0,11763.0,3039.0,5371.0,0.406,0.357,0.833,33.2,13.4,3.5,6.1,55.4,0.091,0.3,16.8
332,1995,8,8,POR,Shawn Respert,Michigan State,4.0,172.0,2350.0,851.0,226.0,177.0,0.414,0.34,0.816,13.7,4.9,1.3,1.0,2.1,0.043,-2.3,-0.2
333,1995,9,9,NJN,Ed O'Bannon,UCLA,2.0,128.0,2062.0,634.0,316.0,102.0,0.367,0.222,0.755,16.1,5.0,2.5,0.8,1.1,0.025,-3.5,-0.7
334,1995,10,10,MIA,Kurt Thomas,TCU,18.0,1110.0,27160.0,8973.0,7328.0,1204.0,0.486,0.281,0.76,24.5,8.1,6.6,1.1,64.2,0.114,-0.8,8.6
335,1995,11,11,MIL,Gary Trent,Ohio University,9.0,506.0,9866.0,4366.0,2276.0,504.0,0.501,0.08,0.643,19.5,8.6,4.5,1.0,23.2,0.113,-1.0,2.4
336,1995,12,12,DAL,Cherokee Parks,Duke,9.0,472.0,7459.0,2056.0,1703.0,265.0,0.47,0.211,0.63,15.8,4.4,3.6,0.6,11.8,0.076,-2.4,-0.7
337,1995,13,13,SAC,Corliss Williamson,Arkansas,12.0,822.0,18749.0,9147.0,3183.0,972.0,0.49,0.136,0.714,22.8,11.1,3.9,1.2,34.7,0.089,-2.0,-0.1
338,1995,14,14,BOS,Eric Williams,Providence,12.0,658.0,15731.0,5642.0,2139.0,936.0,0.415,0.318,0.736,23.9,8.6,3.3,1.4,23.2,0.071,-2.4,-1.5
339,1995,15,15,DEN,Brent Barry,Oregon State,14.0,912.0,23643.0,8488.0,2780.0,2892.0,0.46,0.405,0.823,25.9,9.3,3.0,3.2,70.5,0.143,2.6,27.7
340,1995,16,16,ATL,Alan Henderson,Indiana,12.0,652.0,13780.0,5094.0,3249.0,397.0,0.469,0.192,0.639,21.1,7.8,5.0,0.6,28.0,0.097,-1.8,0.6
341,1995,17,17,CLE,Bob Sura,Florida State,10.0,657.0,15597.0,5654.0,2240.0,2474.0,0.414,0.325,0.689,23.7,8.6,3.4,3.8,28.3,0.087,0.4,9.4
342,1995,18,18,DET,Theo Ratliff,Wyoming,16.0,810.0,20500.0,5809.0,4596.0,465.0,0.496,0.0,0.71,25.3,7.2,5.7,0.6,47.9,0.112,0.0,10.3
343,1995,19,19,DET,Randolph Childress,Wake Forest,2.0,51.0,405.0,124.0,25.0,49.0,0.328,0.273,0.8,7.9,2.4,0.5,1.0,-0.2,-0.026,-5.7,-0.4
344,1995,20,20,CHI,Jason Caffey,Alabama,8.0,462.0,9045.0,3368.0,2022.0,420.0,0.481,0.0,0.637,19.6,7.3,4.4,0.9,13.5,0.072,-3.6,-3.6
345,1995,21,21,PHO,Michael Finley,Wisconsin,15.0,1103.0,37996.0,17306.0,4804.0,3245.0,0.444,0.375,0.811,34.4,15.7,4.4,2.9,85.2,0.108,1.0,28.8
346,1995,22,22,CHH,George Zídek,UCLA,3.0,135.0,1328.0,453.0,286.0,32.0,0.408,0.25,0.783,9.8,3.4,2.1,0.2,0.8,0.029,-7.5,-1.8
347,1995,23,23,IND,Travis Best,Georgia Tech,10.0,708.0,15150.0,5376.0,1249.0,2444.0,0.431,0.345,0.835,21.4,7.6,1.8,3.5,30.9,0.098,-0.4,6.0
348,1995,24,24,DAL,Loren Meyer,Iowa State,3.0,140.0,2044.0,645.0,480.0,77.0,0.432,0.348,0.696,14.6,4.6,3.4,0.6,0.5,0.012,-7.2,-2.7
349,1995,25,25,ORL,David Vaughn,Memphis,4.0,118.0,1156.0,341.0,361.0,36.0,0.423,0.0,0.638,9.8,2.9,3.1,0.3,0.6,0.026,-6.4,-1.3
350,1995,26,26,SEA,Sherell Ford,University of Illinois at Chicago,1.0,28.0,139.0,90.0,24.0,5.0,0.375,0.16,0.765,5.0,3.2,0.9,0.2,0.4,0.124,-5.2,-0.1
351,1995,27,27,PHO,Mario Bennett,Arizona State,4.0,68.0,606.0,269.0,182.0,24.0,0.534,0.333,0.511,8.9,4.0,2.7,0.4,1.9,0.153,-0.8,0.2
352,1995,28,28,UTA,Greg Ostertag,Kansas,11.0,756.0,14753.0,3512.0,4145.0,443.0,0.486,0.1,0.569,19.5,4.6,5.5,0.6,33.8,0.11,-0.6,5.1
353,1995,29,29,SAS,Cory Alexander,Virginia,7.0,307.0,4847.0,1677.0,481.0,834.0,0.389,0.354,0.756,15.8,5.5,1.6,2.7,3.0,0.03,-1.7,0.4
354,1995,30,30,DET,Lou Roe,UMass,2.0,66.0,479.0,130.0,92.0,21.0,0.333,0.25,0.647,7.3,2.0,1.4,0.3,0.0,-0.001,-4.9,-0.4
355,1995,31,31,CHI,Dragan Tarlać,nan,1.0,43.0,598.0,103.0,122.0,31.0,0.394,,0.758,13.9,2.4,2.8,0.7,-0.2,-0.016,-7.3,-0.8
356,1995,32,32,WSB,Terrence Rencher,Texas,1.0,36.0,405.0,106.0,44.0,54.0,0.33,0.31,0.674,11.3,2.9,1.2,1.5,-0.2,-0.021,-4.0,-0.2
357,1995,33,33,BOS,Junior Burrough,Virginia,1.0,61.0,495.0,189.0,109.0,15.0,0.376,,0.656,8.1,3.1,1.8,0.2,-0.2,-0.018,-7.5,-0.7
358,1995,34,34,GSW,Andrew DeClercq,Florida,10.0,587.0,9847.0,2815.0,2488.0,339.0,0.507,0.0,0.621,16.8,4.8,4.2,0.6,19.3,0.094,-2.9,-2.4
359,1995,35,35,TOR,Jimmy King,Michigan,2.0,64.0,890.0,285.0,112.0,90.0,0.429,0.147,0.691,13.9,4.5,1.8,1.4,0.0,0.001,-4.6,-0.6
360,1995,36,36,VAN,Lawrence Moten,Syracuse,3.0,119.0,1814.0,747.0,181.0,182.0,0.408,0.299,0.652,15.2,6.3,1.5,1.5,0.0,0.001,-2.1,0.0
361,1995,37,37,LAL,Frankie King,Western Carolina University,2.0,13.0,79.0,27.0,16.0,7.0,0.357,0.333,0.75,6.1,2.1,1.2,0.5,0.0,0.025,-4.7,-0.1
362,1995,38,38,MIL,Rashard Griffith,Wisconsin,,,,,,,,,,,,,,,,,
363,1995,39,39,CLE,Donny Marshall,UConn,5.0,119.0,919.0,293.0,121.0,36.0,0.321,0.336,0.681,7.7,2.5,1.0,0.3,0.9,0.045,-3.8,-0.4
364,1995,40,40,GSW,Dwayne Whitfield,Jackson State University,1.0,8.0,122.0,40.0,25.0,2.0,0.433,,0.636,15.3,5.0,3.1,0.3,0.0,0.01,-7.2,-0.2
365,1995,41,41,HOU,Erik Meek,Duke,,,,,,,,,,,,,,,,,
366,1995,42,42,ATL,Donnie Boyce,Colorado,2.0,30.0,195.0,79.0,25.0,16.0,0.349,0.25,0.5,6.5,2.6,0.8,0.5,-0.3,-0.064,-4.9,-0.1
367,1995,43,43,MIL,Eric Snow,Michigan State,13.0,846.0,23132.0,5791.0,2141.0,4245.0,0.424,0.208,0.763,27.3,6.8,2.5,5.0,43.4,0.09,-1.0,5.9
368,1995,44,44,DEN,Anthony Pelle,Fresno State,,,,,,,,,,,,,,,,,
369,1995,45,45,ATL,Troy Brown,Providence,,,,,,,,,,,,,,,,,
370,1995,46,46,MIA,George Banks,Texas-El Paso,,,,,,,,,,,,,,,,,
371,1995,47,47,SAC,Tyus Edney,UCLA,4.0,226.0,4743.0,1728.0,393.0,910.0,0.405,0.322,0.806,21.0,7.6,1.7,4.0,6.8,0.068,-1.5,0.7
372,1995,48,48,MIN,Mark Davis,Texas Tech,5.0,230.0,3681.0,1261.0,697.0,294.0,0.442,0.246,0.655,16.0,5.5,3.0,1.3,2.3,0.03,-2.4,-0.4
373,1995,49,49,MIN,Jerome Allen,Penn,2.0,117.0,1305.0,336.0,123.0,201.0,0.35,0.317,0.63,11.2,2.9,1.1,1.7,0.2,0.006,-3.2,-0.4
374,1995,50,50,GSW,Martin Lewis,Seward County Community College,2.0,25.0,239.0,89.0,35.0,7.0,0.473,0.3,0.593,9.6,3.6,1.4,0.3,0.1,0.026,-5.0,-0.2
375,1995,51,51,SAC,Dejan Bodiroga,nan,,,,,,,,,,,,,,,,,
376,1995,52,52,IND,Fred Hoiberg,Iowa State,10.0,541.0,9978.0,2944.0,1438.0,846.0,0.431,0.396,0.854,18.4,5.4,2.7,1.6,27.6,0.133,1.2,8.0
377,1995,53,53,LAC,Constantin Popa,Miami (FL),,,,,,,,,,,,,,,,,
378,1995,54,54,SEA,Eurelijus Žukauskas,nan,,,,,,,,,,,,,,,,,
379,1995,55,55,GSW,Michael McDonald,New Orleans,1.0,1.0,4.0,0.0,1.0,0.0,,,,4.0,0.0,1.0,0.0,-0.1,-0.638,-32.4,0.0
380,1995,56,56,PHO,Chris Carr,Southern Illinois,6.0,297.0,4505.0,1988.0,658.0,294.0,0.416,0.338,0.807,15.2,6.7,2.2,1.0,3.9,0.042,-3.0,-1.1
381,1995,57,57,ATL,Cuonzo Martin,Purdue,2.0,7.0,32.0,9.0,3.0,3.0,0.25,0.6,0.0,4.6,1.3,0.4,0.4,-0.1,-0.151,-6.3,0.0
382,1995,58,58,DET,Don Reid,Georgetown,8.0,403.0,5374.0,1454.0,1169.0,143.0,0.53,0.0,0.658,13.3,3.6,2.9,0.4,13.7,0.123,-2.1,-0.2
383,1996,1,1,PHI,Allen Iverson,Georgetown,14.0,914.0,37584.0,24368.0,3394.0,5624.0,0.425,0.313,0.78,41.1,26.7,3.7,6.2,99.0,0.126,3.2,49.6
384,1996,2,2,TOR,Marcus Camby,UMass,17.0,973.0,28684.0,9262.0,9513.0,1837.0,0.466,0.205,0.67,29.5,9.5,9.8,1.9,81.6,0.137,2.3,31.3
385,1996,3,3,VAN,Shareef Abdur-Rahim,California,12.0,830.0,28882.0,15028.0,6239.0,2109.0,0.472,0.297,0.81,34.8,18.1,7.5,2.5,71.2,0.118,1.0,21.9
386,1996,4,4,MIL,Stephon Marbury,Georgia Tech,13.0,846.0,31891.0,16297.0,2516.0,6471.0,0.433,0.325,0.784,37.7,19.3,3.0,7.6,77.5,0.117,1.8,30.7
387,1996,5,5,MIN,Ray Allen,UConn,18.0,1300.0,46344.0,24505.0,5272.0,4361.0,0.452,0.4,0.894,35.6,18.9,4.1,3.4,145.1,0.15,2.9,57.6
388,1996,6,6,BOS,Antoine Walker,Kentucky,12.0,893.0,31531.0,15647.0,6891.0,3170.0,0.414,0.325,0.633,35.3,17.5,7.7,3.5,38.1,0.058,0.3,18.0
389,1996,7,7,LAC,Lorenzen Wright,Memphis,13.0,778.0,18535.0,6191.0,4943.0,622.0,0.459,0.069,0.645,23.8,8.0,6.4,0.8,30.5,0.079,-2.6,-3.0
390,1996,8,8,NJN,Kerry Kittles,Villanova,8.0,507.0,16929.0,7165.0,1983.0,1295.0,0.439,0.378,0.78,33.4,14.1,3.9,2.6,44.8,0.127,2.2,18.0
391,1996,9,9,DAL,Samaki Walker,Louisville,10.0,445.0,7612.0,2376.0,2089.0,252.0,0.462,0.111,0.63,17.1,5.3,4.7,0.6,14.2,0.089,-2.6,-1.1
392,1996,10,10,IND,Erick Dampier,Mississippi State,16.0,987.0,24003.0,7309.0,7005.0,817.0,0.498,0.125,0.626,24.3,7.4,7.1,0.8,52.7,0.105,-1.3,4.1
393,1996,11,11,GSW,Todd Fuller,NC State,5.0,225.0,2500.0,835.0,674.0,46.0,0.422,0.0,0.668,11.1,3.7,3.0,0.2,2.2,0.041,-5.7,-2.3
394,1996,12,12,CLE,Vitaly Potapenko,Wright State University,11.0,610.0,11608.0,3995.0,2725.0,418.0,0.479,0.167,0.694,19.0,6.5,4.5,0.7,15.5,0.064,-4.0,-5.9
395,1996,13,13,CHH,Kobe Bryant,nan,20.0,1346.0,48637.0,33643.0,7047.0,6306.0,0.447,0.329,0.837,36.1,25.0,5.2,4.7,172.7,0.17,4.6,80.1
396,1996,14,14,SAC,Peja Stojaković,nan,13.0,804.0,26966.0,13647.0,3782.0,1408.0,0.45,0.401,0.895,33.5,17.0,4.7,1.8,82.6,0.147,1.9,26.2
397,1996,15,15,PHO,Steve Nash,Santa Clara,18.0,1217.0,38069.0,17387.0,3642.0,10335.0,0.49,0.428,0.904,31.3,14.3,3.0,8.5,129.7,0.164,3.0,48.2
398,1996,16,16,CHH,Tony Delk,Kentucky,10.0,545.0,11702.0,4957.0,1351.0,1024.0,0.408,0.343,0.769,21.5,9.1,2.5,1.9,19.5,0.08,-0.4,4.8
399,1996,17,17,POR,Jermaine O'Neal,nan,18.0,1011.0,27364.0,13309.0,7261.0,1369.0,0.467,0.147,0.715,27.1,13.2,7.2,1.4,66.0,0.116,0.3,15.6
400,1996,18,18,NYK,John Wallace,Syracuse,7.0,381.0,6143.0,2901.0,1061.0,281.0,0.462,0.3,0.74,16.1,7.6,2.8,0.7,6.4,0.05,-2.7,-1.0
401,1996,19,19,NYK,Walter McCarty,Kentucky,10.0,593.0,10374.0,3056.0,1554.0,670.0,0.392,0.346,0.698,17.5,5.2,2.6,1.1,13.7,0.064,-1.7,0.8
402,1996,20,20,CLE,Zydrunas Ilgauskas,nan,13.0,843.0,22965.0,10976.0,6191.0,955.0,0.476,0.31,0.78,27.2,13.0,7.3,1.1,66.3,0.139,-0.2,10.2
403,1996,21,21,NYK,Dontae' Jones,Mississippi State,1.0,15.0,91.0,44.0,9.0,5.0,0.333,0.261,,6.1,2.9,0.6,0.3,-0.3,-0.175,-10.9,-0.2
404,1996,22,22,VAN,Roy Rogers,Alabama,3.0,137.0,2309.0,652.0,483.0,57.0,0.483,0.5,0.532,16.9,4.8,3.5,0.4,1.7,0.035,-3.7,-1.0
405,1996,23,23,DEN,Efthimios Rentzias,nan,1.0,35.0,144.0,52.0,26.0,7.0,0.339,0.5,0.889,4.1,1.5,0.7,0.2,0.2,0.058,-3.8,-0.1
406,1996,24,24,LAL,Derek Fisher,Little Rock,18.0,1287.0,32719.0,10713.0,2658.0,3804.0,0.399,0.374,0.817,25.4,8.3,2.1,3.0,62.3,0.091,-0.9,8.9
407,1996,25,25,UTA,Martin Müürsepp,nan,2.0,83.0,951.0,389.0,181.0,50.0,0.425,0.323,0.693,11.5,4.7,2.2,0.6,2.0,0.1,-1.6,0.1
408,1996,26,26,DET,Jerome Williams,Georgetown,9.0,587.0,12755.0,3865.0,3743.0,474.0,0.502,0.038,0.645,21.7,6.6,6.4,0.8,37.9,0.143,0.3,7.4
409,1996,27,27,ORL,Brian Evans,Indiana,3.0,102.0,1097.0,375.0,164.0,77.0,0.381,0.343,0.82,10.8,3.7,1.6,0.8,1.7,0.076,-0.8,0.3
410,1996,28,28,ATL,Priest Lauderdale,Central State University,2.0,74.0,525.0,255.0,143.0,33.0,0.472,0.0,0.554,7.1,3.4,1.9,0.4,-0.8,-0.074,-7.9,-0.8
411,1996,29,29,CHI,Travis Knight,UConn,7.0,371.0,4566.0,1276.0,1160.0,224.0,0.438,0.259,0.696,12.3,3.4,3.1,0.6,7.9,0.083,-3.0,-1.1
412,1996,30,30,HOU,Othella Harrington,Georgetown,12.0,709.0,13924.0,5212.0,3130.0,443.0,0.505,0.0,0.738,19.6,7.4,4.4,0.6,23.1,0.08,-3.4,-4.9
413,1996,31,31,PHI,Mark Hendrickson,Washington State,4.0,114.0,1508.0,381.0,316.0,63.0,0.416,0.167,0.803,13.2,3.3,2.8,0.6,2.1,0.067,-3.8,-0.7
414,1996,32,32,PHI,Ryan Minor,Oklahoma,,,,,,,,,,,,,,,,,
415,1996,33,33,MIL,Moochie Norris,University of West Florida,9.0,445.0,7640.0,2272.0,868.0,1233.0,0.401,0.286,0.74,17.2,5.1,2.0,2.8,10.0,0.063,-1.4,1.2
416,1996,34,34,DAL,Shawn Harvey,West Virginia State University,,,,,,,,,,,,,,,,,
417,1996,35,35,SEA,Joseph Blair,Arizona,,,,,,,,,,,,,,,,,
418,1996,36,36,LAC,Doron Sheffer,UConn,,,,,,,,,,,,,,,,,
419,1996,37,37,DEN,Jeff McInnis,UNC,11.0,576.0,15927.0,5396.0,1170.0,2514.0,0.431,0.328,0.796,27.7,9.4,2.0,4.4,23.1,0.07,-2.1,-0.3
420,1996,38,38,BOS,Steve Hamer,Tennessee,1.0,35.0,268.0,76.0,60.0,7.0,0.526,0.0,0.552,7.7,2.2,1.7,0.2,0.2,0.031,-6.5,-0.3
421,1996,39,39,PHO,Russ Millard,Iowa,,,,,,,,,,,,,,,,,
422,1996,40,40,GSW,Marcus Mann,Mississippi Valley State University,,,,,,,,,,,,,,,,,
423,1996,41,41,SAC,Jason Sasser,Texas Tech,2.0,14.0,108.0,30.0,15.0,4.0,0.412,0.333,0.5,7.7,2.1,1.1,0.3,0.0,-0.014,-5.7,-0.1
424,1996,42,42,HOU,Randy Livingston,LSU,11.0,203.0,2684.0,773.0,282.0,415.0,0.406,0.351,0.771,13.2,3.8,1.4,2.0,2.3,0.041,-2.5,-0.3
425,1996,43,43,PHO,Ben Davis,Arizona,4.0,40.0,154.0,54.0,53.0,5.0,0.356,,0.462,3.9,1.4,1.3,0.1,0.1,0.04,-5.5,-0.1
426,1996,44,44,CHH,Malik Rose,Drexel,13.0,813.0,13404.0,5003.0,3371.0,684.0,0.437,0.177,0.743,16.5,6.2,4.1,0.8,26.5,0.095,-2.1,-0.4
427,1996,45,45,SEA,Joe Vogel,Colorado State,,,,,,,,,,,,,,,,,
428,1996,46,46,POR,Marcus Brown,Murray State,2.0,27.0,229.0,92.0,22.0,23.0,0.381,0.333,0.714,8.5,3.4,0.8,0.9,0.3,0.066,-2.6,0.0
429,1996,47,47,SEA,Ron Riley,Arizona State,,,,,,,,,,,,,,,,,
430,1996,48,48,PHI,Jamie Feick,Michigan State,5.0,201.0,4316.0,911.0,1437.0,139.0,0.424,0.4,0.629,21.5,4.5,7.1,0.7,8.2,0.091,-2.7,-0.7
431,1996,49,49,ORL,Amal McCaskill,Marquette,4.0,114.0,968.0,204.0,213.0,36.0,0.377,0.0,0.609,8.5,1.8,1.9,0.3,0.5,0.024,-4.7,-0.7
432,1996,50,50,HOU,Terrell Bell,Georgia,,,,,,,,,,,,,,,,,
433,1996,51,51,VAN,Chris Robinson,Western Kentucky,2.0,76.0,1095.0,350.0,117.0,104.0,0.376,0.374,0.571,14.4,4.6,1.5,1.4,-0.1,-0.003,-4.0,-0.6
434,1996,52,52,IND,Mark Pope,Kentucky,6.0,153.0,1634.0,285.0,261.0,63.0,0.401,0.179,0.573,10.7,1.9,1.7,0.4,1.3,0.038,-4.3,-0.9
435,1996,53,53,MIL,Jeff Nordgaard,Green Bay,1.0,13.0,48.0,18.0,14.0,3.0,0.278,,0.889,3.7,1.4,1.1,0.2,0.0,0.043,-3.7,0.0
436,1996,54,54,UTA,Shandon Anderson,Georgia,10.0,719.0,15946.0,5327.0,2252.0,1007.0,0.457,0.316,0.739,22.2,7.4,3.1,1.4,23.6,0.071,-1.3,3.0
437,1996,55,55,WSB,Ronnie Henderson,LSU,,,,,,,,,,,,,,,,,
438,1996,56,56,CLE,Reggie Geary,Arizona,2.0,101.0,931.0,209.0,82.0,110.0,0.344,0.328,0.493,9.2,2.1,0.8,1.1,0.6,0.032,-2.5,-0.1
439,1996,57,57,SEA,Drew Barry,Georgia Tech,3.0,60.0,598.0,134.0,67.0,111.0,0.417,0.381,0.774,10.0,2.2,1.1,1.9,0.6,0.051,-3.5,-0.2
440,1996,58,58,DAL,Darnell Robinson,Arkansas,,,,,,,,,,,,,,,,,
441,1997,1,1,SAS,Tim Duncan,Wake Forest,19.0,1392.0,47368.0,26496.0,15091.0,4225.0,0.506,0.179,0.696,34.0,19.0,10.8,3.0,206.4,0.209,5.6,91.1
442,1997,2,2,PHI,Keith Van Horn,Utah,9.0,575.0,18150.0,9206.0,3909.0,900.0,0.443,0.361,0.835,31.6,16.0,6.8,1.6,41.7,0.11,0.1,9.6
443,1997,3,3,BOS,Chauncey Billups,Colorado,17.0,1043.0,33008.0,15802.0,2992.0,5636.0,0.415,0.387,0.894,31.6,15.2,2.9,5.4,120.8,0.176,3.2,43.5
444,1997,4,4,VAN,Antonio Daniels,Bowling Green,13.0,872.0,19671.0,6623.0,1613.0,2934.0,0.444,0.311,0.793,22.6,7.6,1.8,3.4,47.0,0.115,0.0,10.1
445,1997,5,5,DEN,Tony Battie,Texas Tech,14.0,837.0,17649.0,5082.0,4287.0,522.0,0.488,0.162,0.69,21.1,6.1,5.1,0.6,36.4,0.099,-1.8,0.8
446,1997,6,6,BOS,Ron Mercer,Kentucky,8.0,432.0,13418.0,5892.0,1342.0,921.0,0.429,0.25,0.808,31.1,13.6,3.1,2.1,9.4,0.034,-2.7,-2.5
447,1997,7,7,NJN,Tim Thomas,Villanova,13.0,824.0,21336.0,9454.0,3379.0,1272.0,0.437,0.369,0.758,25.9,11.5,4.1,1.5,35.2,0.079,-0.8,6.4
448,1997,8,8,GSW,Adonal Foyle,Colgate,12.0,733.0,13060.0,2989.0,3461.0,344.0,0.477,0.0,0.499,17.8,4.1,4.7,0.5,18.7,0.069,-1.7,1.1
449,1997,9,9,TOR,Tracy McGrady,nan,15.0,938.0,30658.0,18381.0,5276.0,4161.0,0.435,0.338,0.746,32.7,19.6,5.6,4.4,97.3,0.152,5.2,55.7
450,1997,10,10,MIL,Danny Fortson,Cincinnati,10.0,440.0,8832.0,3615.0,3184.0,301.0,0.472,0.167,0.785,20.1,8.2,7.2,0.7,22.3,0.121,-3.2,-2.6
451,1997,11,11,SAC,Tariq Abdul-Wahad,San Jose State,6.0,236.0,4807.0,1830.0,776.0,266.0,0.417,0.237,0.703,20.4,7.8,3.3,1.1,3.5,0.035,-3.0,-1.2
452,1997,12,12,IND,Austin Croshere,Providence,12.0,659.0,11480.0,4475.0,2649.0,627.0,0.407,0.34,0.861,17.4,6.8,4.0,1.0,27.6,0.115,-0.1,5.6
453,1997,13,13,CLE,Derek Anderson,Kentucky,11.0,615.0,17975.0,7357.0,1988.0,2083.0,0.408,0.341,0.853,29.2,12.0,3.2,3.4,43.9,0.117,1.0,13.5
454,1997,14,14,LAC,Maurice Taylor,Michigan,9.0,534.0,13324.0,5889.0,2452.0,623.0,0.466,0.152,0.711,25.0,11.0,4.6,1.2,9.9,0.036,-3.6,-5.3
455,1997,15,15,DAL,Kelvin Cato,Iowa State,10.0,541.0,10617.0,2960.0,2874.0,244.0,0.507,0.077,0.644,19.6,5.5,5.3,0.5,28.6,0.129,-0.3,4.4
456,1997,16,16,CLE,Brevin Knight,Stanford,12.0,729.0,18176.0,5342.0,1785.0,4481.0,0.412,0.134,0.789,24.9,7.3,2.4,6.1,32.6,0.086,0.3,10.5
457,1997,17,17,ORL,Johnny Taylor,Chattanooga,3.0,54.0,866.0,256.0,120.0,26.0,0.402,0.394,0.718,16.0,4.7,2.2,0.5,0.1,0.007,-4.0,-0.4
458,1997,18,18,POR,Chris Anstey,nan,3.0,155.0,2157.0,813.0,534.0,127.0,0.413,0.138,0.755,13.9,5.2,3.4,0.8,2.8,0.062,-2.9,-0.5
459,1997,19,19,DET,Scot Pollard,Kansas,11.0,506.0,8372.0,2222.0,2351.0,220.0,0.494,0.0,0.709,16.5,4.4,4.6,0.4,26.6,0.153,-0.6,2.9
460,1997,20,20,MIN,Paul Grant,Wisconsin,2.0,16.0,111.0,29.0,18.0,3.0,0.448,,0.375,6.9,1.8,1.1,0.2,-0.1,-0.043,-8.7,-0.2
461,1997,21,21,NJN,Anthony Parker,Bradley,9.0,494.0,13752.0,4478.0,1574.0,1129.0,0.444,0.404,0.794,27.8,9.1,3.2,2.3,24.5,0.085,-0.2,6.1
462,1997,22,22,ATL,Ed Gray,California,2.0,60.0,809.0,373.0,73.0,46.0,0.339,0.341,0.814,13.5,6.2,1.2,0.8,0.1,0.009,-4.0,-0.4
463,1997,23,23,SEA,Bobby Jackson,Minnesota,12.0,755.0,16790.0,7344.0,2347.0,1945.0,0.417,0.354,0.793,22.2,9.7,3.1,2.6,31.4,0.09,0.4,10.0
464,1997,24,24,HOU,Rodrick Rhodes,USC,3.0,72.0,1234.0,380.0,88.0,121.0,0.347,0.2,0.62,17.1,5.3,1.2,1.7,-1.6,-0.064,-6.3,-1.3
465,1997,25,25,NYK,John Thomas,Minnesota,5.0,208.0,2253.0,560.0,432.0,60.0,0.502,0.0,0.591,10.8,2.7,2.1,0.3,3.2,0.067,-4.4,-1.4
466,1997,26,26,MIA,Charles Smith,New Mexico,5.0,142.0,1973.0,729.0,200.0,124.0,0.409,0.288,0.606,13.9,5.1,1.4,0.9,1.5,0.036,-1.1,0.4
467,1997,27,27,UTA,Jacque Vaughn,Kansas,12.0,776.0,12658.0,3463.0,1028.0,1919.0,0.429,0.352,0.779,16.3,4.5,1.3,2.5,15.4,0.058,-3.4,-4.5
468,1997,28,28,CHI,Keith Booth,Maryland,2.0,45.0,449.0,130.0,97.0,39.0,0.325,0.091,0.563,10.0,2.9,2.2,0.9,-0.8,-0.08,-6.1,-0.5
469,1997,29,29,HOU,Serge Zwikker,UNC,,,,,,,,,,,,,,,,,
470,1997,30,30,MIA,Mark Sanford,Washington,,,,,,,,,,,,,,,,,
471,1997,31,31,DET,Charles O'Bannon,UCLA,2.0,48.0,399.0,120.0,67.0,29.0,0.4,0.0,0.87,8.3,2.5,1.4,0.6,0.6,0.07,-2.0,0.0
472,1997,32,32,DEN,James Cotton,Cal State Long Beach,2.0,19.0,92.0,49.0,16.0,0.0,0.359,0.0,0.778,4.8,2.6,0.8,0.0,0.0,0.008,-6.6,-0.1
473,1997,33,33,PHI,Marko Milič,nan,2.0,44.0,216.0,108.0,30.0,14.0,0.56,0.429,0.647,4.9,2.5,0.7,0.3,0.2,0.047,-2.4,0.0
474,1997,34,34,DAL,Bubba Wells,Austin Peay State University,1.0,39.0,395.0,128.0,68.0,34.0,0.414,0.167,0.721,10.1,3.3,1.7,0.9,0.1,0.013,-3.5,-0.2
475,1997,35,35,PHI,Kebu Stewart,Cal State-Bakersfield,1.0,15.0,110.0,40.0,31.0,2.0,0.462,,0.64,7.3,2.7,2.1,0.1,0.2,0.098,-1.4,0.0
476,1997,36,36,PHI,James Collins,Florida State,1.0,23.0,103.0,59.0,14.0,3.0,0.382,0.45,0.571,4.5,2.6,0.6,0.1,0.0,0.008,-1.0,0.0
477,1997,37,37,GSW,Marc Jackson,Temple,7.0,387.0,7572.0,3238.0,1655.0,311.0,0.446,0.226,0.814,19.6,8.4,4.3,0.8,13.0,0.082,-2.7,-1.4
478,1997,38,38,MIL,Jerald Honeycutt,Tulane,2.0,54.0,632.0,275.0,105.0,36.0,0.391,0.362,0.632,11.7,5.1,1.9,0.7,0.3,0.02,-3.3,-0.2
479,1997,39,39,SAC,Anthony Johnson,College of Charleston,13.0,793.0,15552.0,4432.0,1358.0,2274.0,0.414,0.356,0.745,19.6,5.6,1.7,2.9,23.2,0.072,-1.5,2.0
480,1997,40,40,SEA,Eddie Elisma,Georgia Tech,,,,,,,,,,,,,,,,,
481,1997,41,41,DEN,Jason Lawson,Villanova,1.0,17.0,80.0,26.0,27.0,5.0,0.6,,0.8,4.7,1.5,1.6,0.3,0.5,0.28,4.8,0.1
482,1997,42,42,PHO,Stephen Jackson,Butler County Community College,14.0,858.0,27398.0,12976.0,3328.0,2634.0,0.414,0.333,0.798,31.9,15.1,3.9,3.1,36.1,0.063,-0.4,11.2
483,1997,43,43,MIN,Gordon Malone,West Virginia,,,,,,,,,,,,,,,,,
484,1997,44,44,CLE,Cedric Henderson,Memphis,5.0,260.0,6182.0,1885.0,755.0,419.0,0.436,0.14,0.715,23.8,7.3,2.9,1.6,3.3,0.026,-2.8,-1.3
485,1997,45,45,WAS,God Shammgod,Providence,1.0,20.0,146.0,61.0,7.0,36.0,0.328,0.0,0.767,7.3,3.1,0.4,1.8,-0.1,-0.049,-6.2,-0.2
486,1997,46,46,ORL,Eric Washington,Alabama,2.0,104.0,2300.0,716.0,216.0,108.0,0.402,0.346,0.757,22.1,6.9,2.1,1.0,0.1,0.002,-3.5,-0.9
487,1997,47,47,POR,Alvin Williams,Villanova,9.0,460.0,12610.0,4161.0,1140.0,1877.0,0.421,0.313,0.76,27.4,9.0,2.5,4.1,21.7,0.082,-0.4,4.9
488,1997,48,48,WAS,Predrag Drobnjak,nan,4.0,278.0,5542.0,2187.0,973.0,225.0,0.425,0.34,0.799,19.9,7.9,3.5,0.8,5.6,0.048,-3.0,-1.3
489,1997,49,49,ATL,Alain Digbeau,nan,,,,,,,,,,,,,,,,,
490,1997,50,50,ATL,Chris Crawford,Marquette,7.0,252.0,3985.0,1654.0,547.0,154.0,0.437,0.347,0.824,15.8,6.6,2.2,0.6,6.5,0.078,-2.6,-0.6
491,1997,51,51,LAL,DeJuan Wheat,Louisville,2.0,80.0,740.0,265.0,56.0,127.0,0.383,0.39,0.7,9.3,3.3,0.7,1.6,0.5,0.034,-1.9,0.0
492,1997,52,52,VAN,C.J. Bruton,Indian Hills Community College,,,,,,,,,,,,,,,,,
493,1997,53,53,LAL,Paul Rogers,Gonzaga,,,,,,,,,,,,,,,,,
494,1997,54,54,SEA,Mark Blount,Pitt,9.0,605.0,13981.0,4941.0,2784.0,513.0,0.504,0.359,0.723,23.1,8.2,4.6,0.8,18.8,0.065,-2.7,-2.5
495,1997,55,55,BOS,Ben Pepper,nan,,,,,,,,,,,,,,,,,
496,1997,56,56,UTA,Nate Erdmann,Oklahoma,,,,,,,,,,,,,,,,,
497,1997,57,57,CHI,Roberto Duenas,nan,,,,,,,,,,,,,,,,,
498,1998,1,1,LAC,Michael Olowokandi,University of the Pacific,9.0,500.0,13129.0,4135.0,3414.0,327.0,0.435,,0.597,26.3,8.3,6.8,0.7,2.5,0.009,-4.6,-8.5
499,1998,2,2,VAN,Mike Bibby,Arizona,14.0,1001.0,33962.0,14698.0,3103.0,5517.0,0.436,0.379,0.802,33.9,14.7,3.1,5.5,73.2,0.104,0.8,23.8
500,1998,3,3,DEN,Raef LaFrentz,Kansas,10.0,563.0,14545.0,5690.0,3423.0,606.0,0.466,0.363,0.711,25.8,10.1,6.1,1.1,39.4,0.13,0.7,9.8
501,1998,4,4,TOR,Antawn Jamison,UNC,16.0,1083.0,37638.0,20042.0,8157.0,1761.0,0.451,0.346,0.724,34.8,18.5,7.5,1.6,87.8,0.112,0.6,24.5
502,1998,5,5,GSW,Vince Carter,UNC,22.0,1541.0,46367.0,25728.0,6606.0,4714.0,0.435,0.371,0.798,30.1,16.7,4.3,3.1,125.3,0.13,3.0,57.9
503,1998,6,6,DAL,Robert Traylor,Michigan,7.0,438.0,6243.0,2085.0,1640.0,312.0,0.474,0.167,0.577,14.3,4.8,3.7,0.7,13.3,0.102,-1.6,0.7
504,1998,7,7,SAC,Jason Williams,Florida,12.0,788.0,23188.0,8266.0,1810.0,4611.0,0.398,0.327,0.813,29.4,10.5,2.3,5.9,38.5,0.08,0.2,12.9
505,1998,8,8,PHI,Larry Hughes,Saint Louis,13.0,727.0,22368.0,10242.0,3039.0,2290.0,0.406,0.309,0.757,30.8,14.1,4.2,3.1,32.3,0.069,-0.1,10.7
506,1998,9,9,MIL,Dirk Nowitzki,nan,21.0,1522.0,51368.0,31560.0,11489.0,3651.0,0.471,0.38,0.879,33.8,20.7,7.5,2.4,206.3,0.193,4.5,84.8
507,1998,10,10,BOS,Paul Pierce,Kansas,19.0,1343.0,45880.0,26397.0,7527.0,4708.0,0.445,0.368,0.806,34.2,19.7,5.6,3.5,150.0,0.157,3.7,65.5
508,1998,11,11,DET,Bonzi Wells,Ball State University,10.0,591.0,15133.0,7147.0,2737.0,1249.0,0.46,0.327,0.697,25.6,12.1,4.6,2.1,29.4,0.093,0.2,8.3
509,1998,12,12,ORL,Michael Doleac,Utah,10.0,587.0,8789.0,2882.0,1955.0,343.0,0.439,0.125,0.791,15.0,4.9,3.3,0.6,12.7,0.07,-3.7,-3.7
510,1998,13,13,ORL,Keon Clark,UNLV,6.0,353.0,7971.0,2882.0,2096.0,322.0,0.5,0.053,0.645,22.6,8.2,5.9,0.9,18.2,0.11,-0.7,2.6
511,1998,14,14,HOU,Michael Dickerson,Arizona,5.0,212.0,7490.0,3257.0,609.0,553.0,0.432,0.402,0.784,35.3,15.4,2.9,2.6,9.6,0.061,-1.3,1.3
512,1998,15,15,ORL,Matt Harpring,Georgia Tech,11.0,665.0,17584.0,7645.0,3366.0,907.0,0.481,0.333,0.753,26.4,11.5,5.1,1.4,41.9,0.114,-0.6,6.2
513,1998,16,16,HOU,Bryce Drew,Valparaiso,6.0,243.0,3970.0,1081.0,295.0,524.0,0.382,0.371,0.83,16.3,4.4,1.2,2.2,2.4,0.03,-3.1,-1.1
514,1998,17,17,MIN,Rasho Nesterović,nan,12.0,811.0,17983.0,5519.0,4143.0,836.0,0.502,0.077,0.585,22.2,6.8,5.1,1.0,39.9,0.107,-0.9,5.0
515,1998,18,18,HOU,Mirsad Türkcan,nan,1.0,17.0,90.0,33.0,33.0,5.0,0.368,0.0,0.625,5.3,1.9,1.9,0.3,0.0,-0.019,-6.3,-0.1
516,1998,19,19,MIL,Pat Garrity,Notre Dame,10.0,552.0,11062.0,4017.0,1457.0,443.0,0.417,0.398,0.806,20.0,7.3,2.6,0.8,18.7,0.081,-1.8,0.5
517,1998,20,20,ATL,Roshown McLeod,Duke,3.0,113.0,2130.0,817.0,308.0,124.0,0.409,0.111,0.819,18.8,7.2,2.7,1.1,0.2,0.004,-4.4,-1.3
518,1998,21,21,CHH,Ricky Davis,Iowa,12.0,736.0,21927.0,9912.0,2550.0,2426.0,0.446,0.361,0.781,29.8,13.5,3.5,3.3,28.0,0.061,-0.8,6.3
519,1998,22,22,LAC,Brian Skinner,Baylor,14.0,608.0,10910.0,2876.0,2841.0,288.0,0.494,0.333,0.566,17.9,4.7,4.7,0.5,15.8,0.07,-2.5,-1.5
520,1998,23,23,DEN,Tyronn Lue,Nebraska,11.0,554.0,12564.0,4710.0,943.0,1727.0,0.437,0.391,0.829,22.7,8.5,1.7,3.1,19.7,0.075,-1.8,0.6
521,1998,24,24,SAS,Felipe López,St. John's,4.0,249.0,4145.0,1448.0,604.0,252.0,0.432,0.327,0.659,16.6,5.8,2.4,1.0,3.1,0.036,-2.5,-0.5
522,1998,25,25,IND,Al Harrington,nan,16.0,981.0,28009.0,13237.0,5482.0,1649.0,0.444,0.352,0.727,28.6,13.5,5.6,1.7,42.5,0.073,-1.5,3.7
523,1998,26,26,LAL,Sam Jacobson,Minnesota,3.0,68.0,752.0,283.0,80.0,36.0,0.511,0.36,0.739,11.1,4.2,1.2,0.5,1.1,0.071,-3.9,-0.4
524,1998,27,27,SEA,Vladimir Stepania,nan,6.0,270.0,3726.0,1118.0,1180.0,94.0,0.425,0.133,0.536,13.8,4.1,4.4,0.3,5.2,0.067,-3.3,-1.2
525,1998,28,28,CHI,Corey Benjamin,Oregon State,4.0,153.0,2191.0,835.0,259.0,143.0,0.39,0.289,0.652,14.3,5.5,1.7,0.9,-0.9,-0.019,-4.8,-1.6
526,1998,29,29,UTA,Nazr Mohammed,Kentucky,18.0,1005.0,15891.0,5827.0,4708.0,375.0,0.486,0.0,0.64,15.8,5.8,4.7,0.4,34.3,0.104,-2.6,-2.2
527,1998,30,30,DAL,Ansu Sesay,Ole Miss,4.0,127.0,1301.0,401.0,223.0,62.0,0.434,0.276,0.64,10.2,3.2,1.8,0.5,1.4,0.051,-3.3,-0.4
528,1998,31,31,LAL,Ruben Patterson,Cincinnati,10.0,649.0,15955.0,6953.0,2697.0,1150.0,0.517,0.179,0.641,24.6,10.7,4.2,1.8,35.1,0.106,0.7,10.8
529,1998,32,32,SEA,Rashard Lewis,nan,16.0,1049.0,33541.0,15579.0,5433.0,1765.0,0.452,0.386,0.805,32.0,14.9,5.2,1.7,90.9,0.13,1.9,33.1
530,1998,33,33,SEA,Jelani McCoy,UCLA,8.0,260.0,3824.0,1200.0,921.0,135.0,0.539,,0.49,14.7,4.6,3.5,0.5,5.1,0.064,-2.9,-0.9
531,1998,34,34,CHI,Shammond Williams,UNC,7.0,325.0,5351.0,1892.0,518.0,765.0,0.401,0.366,0.798,16.5,5.8,1.6,2.4,8.8,0.079,-0.7,1.7
532,1998,35,35,DAL,Bruno Šundov,nan,7.0,102.0,524.0,173.0,107.0,18.0,0.356,0.208,0.526,5.1,1.7,1.0,0.2,-0.7,-0.062,-8.9,-0.9
533,1998,36,36,SAC,Jerome James,Florida A&M,9.0,358.0,4771.0,1540.0,1099.0,118.0,0.485,0.0,0.617,13.3,4.3,3.1,0.3,2.9,0.029,-4.9,-3.5
534,1998,37,37,PHI,Casey Shaw,Toledo,1.0,9.0,14.0,2.0,3.0,0.0,0.125,,,1.6,0.2,0.3,0.0,-0.1,-0.498,-29.8,-0.1
535,1998,38,38,NYK,DeMarco Johnson,UNC Charlotte,1.0,5.0,37.0,6.0,7.0,0.0,0.333,,,7.4,1.2,1.4,0.0,-0.1,-0.091,-10.3,-0.1
536,1998,39,39,MIL,Rafer Alston,Fresno State,11.0,671.0,19392.0,6799.0,1891.0,3202.0,0.383,0.354,0.729,28.9,10.1,2.8,4.8,32.9,0.081,0.0,9.6
537,1998,40,40,DET,Korleone Young,nan,1.0,3.0,15.0,13.0,4.0,1.0,0.5,0.25,1.0,5.0,4.3,1.3,0.3,0.1,0.28,9.4,0.0
538,1998,41,41,HOU,Cuttino Mobley,Rhode Island,11.0,747.0,27618.0,11964.0,2902.0,2015.0,0.433,0.378,0.835,37.0,16.0,3.9,2.7,52.2,0.091,-0.1,12.9
539,1998,42,42,ORL,Miles Simon,Arizona,1.0,5.0,19.0,2.0,2.0,0.0,0.2,0.0,,3.8,0.4,0.4,0.0,-0.1,-0.289,-17.4,-0.1
540,1998,43,43,WAS,Jahidi White,Georgetown,7.0,334.0,5913.0,1954.0,1944.0,63.0,0.51,0.0,0.534,17.7,5.9,5.8,0.2,10.4,0.085,-3.2,-1.8
541,1998,44,44,NYK,Sean Marks,California,11.0,230.0,2275.0,638.0,501.0,50.0,0.448,0.2,0.665,9.9,2.8,2.2,0.2,2.6,0.055,-5.0,-1.7
542,1998,45,45,LAL,Toby Bailey,UCLA,2.0,73.0,698.0,241.0,126.0,43.0,0.407,0.2,0.692,9.6,3.3,1.7,0.6,1.0,0.072,-3.5,-0.3
543,1998,46,46,MIN,Andrae Patterson,Indiana,2.0,40.0,304.0,120.0,67.0,16.0,0.455,0.0,0.778,7.6,3.0,1.7,0.4,0.7,0.114,-1.9,0.0
544,1998,47,47,TOR,Tyson Wheeler,Rhode Island,1.0,1.0,3.0,4.0,0.0,2.0,1.0,1.0,0.5,3.0,4.0,0.0,2.0,0.1,1.367,51.1,0.0
545,1998,48,48,CLE,Ryan Stack,South Carolina,2.0,43.0,397.0,99.0,79.0,10.0,0.352,0.0,0.787,9.2,2.3,1.8,0.2,0.2,0.028,-6.7,-0.5
546,1998,49,49,ATL,Cory Carr,Texas Tech,1.0,42.0,624.0,171.0,49.0,66.0,0.329,0.167,0.75,14.9,4.1,1.2,1.6,-1.2,-0.089,-8.2,-1.0
547,1998,50,50,CHH,Andrew Betts,Cal State Long Beach,,,,,,,,,,,,,,,,,
548,1998,51,51,MIA,Corey Brewer,Oklahoma,,,,,,,,,,,,,,,,,
549,1998,52,52,SAS,Derrick Dial,Eastern Michigan,4.0,82.0,687.0,253.0,133.0,63.0,0.372,0.19,0.672,8.4,3.1,1.6,0.8,0.6,0.045,-2.2,0.0
550,1998,53,53,DAL,Greg Buckner,Clemson,10.0,570.0,10895.0,2878.0,1593.0,719.0,0.45,0.334,0.757,19.1,5.0,2.8,1.3,20.9,0.092,-0.9,3.0
551,1998,54,54,DEN,Tremaine Fowlkes,Fresno State,4.0,103.0,1233.0,301.0,228.0,54.0,0.409,0.2,0.791,12.0,2.9,2.2,0.5,2.1,0.08,-2.0,0.0
552,1998,55,55,DEN,Ryan Bowen,Iowa,10.0,507.0,6502.0,1319.0,1060.0,250.0,0.456,0.206,0.693,12.8,2.6,2.1,0.5,12.4,0.092,-0.8,2.0
553,1998,56,56,VAN,J.R. Henderson,UCLA,1.0,30.0,331.0,97.0,47.0,22.0,0.365,0.4,0.556,11.0,3.2,1.6,0.7,-0.2,-0.025,-4.8,-0.2
554,1998,57,57,UTA,Torraye Braggs,Xavier,2.0,22.0,178.0,46.0,51.0,7.0,0.475,,0.667,8.1,2.1,2.3,0.3,0.3,0.071,-4.9,-0.1
555,1998,58,58,CHI,Maceo Baston,Michigan,4.0,105.0,831.0,286.0,175.0,26.0,0.616,0.375,0.74,7.9,2.7,1.7,0.2,2.3,0.134,-1.2,0.2
556,1999,1,1,CHI,Elton Brand,Duke,17.0,1058.0,34910.0,16827.0,9040.0,2184.0,0.5,0.095,0.736,33.0,15.9,8.5,2.1,109.6,0.151,2.2,37.3
557,1999,2,2,VAN,Steve Francis,Maryland,9.0,576.0,21632.0,10446.0,3215.0,3473.0,0.429,0.341,0.797,37.6,18.1,5.6,6.0,54.1,0.12,2.2,22.7
558,1999,3,3,CHH,Baron Davis,UCLA,13.0,835.0,28592.0,13447.0,3183.0,6025.0,0.409,0.32,0.711,34.2,16.1,3.8,7.2,63.1,0.106,2.6,33.1
559,1999,4,4,LAC,Lamar Odom,Rhode Island,14.0,961.0,32131.0,12781.0,8059.0,3554.0,0.463,0.312,0.693,33.4,13.3,8.4,3.7,77.0,0.115,1.9,31.4
560,1999,5,5,TOR,Jonathan Bender,nan,8.0,262.0,3847.0,1453.0,582.0,170.0,0.417,0.34,0.763,14.7,5.5,2.2,0.6,3.8,0.047,-2.6,-0.6
561,1999,6,6,MIN,Wally Szczerbiak,Miami University,10.0,651.0,20052.0,9195.0,2602.0,1532.0,0.485,0.406,0.86,30.8,14.1,4.0,2.4,53.3,0.127,0.7,13.6
562,1999,7,7,WAS,Richard Hamilton,UConn,14.0,921.0,29559.0,15708.0,2852.0,3125.0,0.449,0.346,0.852,32.1,17.1,3.1,3.4,62.8,0.102,-0.2,13.2
563,1999,8,8,CLE,Andre Miller,Utah,17.0,1304.0,40268.0,16278.0,4795.0,8524.0,0.461,0.217,0.807,30.9,12.5,3.7,6.5,100.8,0.12,1.3,33.4
564,1999,9,9,PHO,Shawn Marion,UNLV,16.0,1163.0,40097.0,17700.0,10101.0,2198.0,0.484,0.331,0.81,34.5,15.2,8.7,1.9,124.9,0.15,2.7,47.6
565,1999,10,10,ATL,Jason Terry,Arizona,19.0,1410.0,42034.0,18881.0,3274.0,5415.0,0.444,0.38,0.845,29.8,13.4,2.3,3.8,102.0,0.116,1.5,37.4
566,1999,11,11,CLE,Trajan Langdon,Duke,3.0,119.0,1738.0,647.0,159.0,152.0,0.416,0.396,0.91,14.6,5.4,1.3,1.3,2.9,0.079,-1.1,0.4
567,1999,12,12,TOR,Aleksandar Radojević,Barton County Community College,2.0,15.0,152.0,26.0,36.0,7.0,0.308,,0.625,10.1,1.7,2.4,0.5,-0.4,-0.13,-11.6,-0.4
568,1999,13,13,SEA,Corey Maggette,Duke,14.0,827.0,23358.0,13198.0,4022.0,1696.0,0.453,0.324,0.822,28.2,16.0,4.9,2.1,62.2,0.128,0.3,13.3
569,1999,14,14,MIN,William Avery,Duke,3.0,142.0,1205.0,379.0,93.0,199.0,0.33,0.255,0.714,8.5,2.7,0.7,1.4,-0.9,-0.034,-5.6,-1.1
570,1999,15,15,NYK,Frédéric Weis,nan,,,,,,,,,,,,,,,,,
571,1999,16,16,CHI,Metta World Peace,St. John's,17.0,991.0,31440.0,13058.0,4448.0,2631.0,0.414,0.339,0.715,31.7,13.2,4.5,2.7,61.1,0.093,1.2,25.4
572,1999,17,17,ATL,Cal Bowdler,Old Dominion,3.0,142.0,1383.0,424.0,272.0,29.0,0.404,0.182,0.768,9.7,3.0,1.9,0.2,1.8,0.061,-3.2,-0.4
573,1999,18,18,DEN,James Posey,Xavier,12.0,864.0,23260.0,7419.0,4061.0,1413.0,0.41,0.349,0.82,26.9,8.6,4.7,1.6,51.6,0.107,0.3,13.7
574,1999,19,19,UTA,Quincy Lewis,Minnesota,4.0,159.0,1853.0,567.0,210.0,96.0,0.397,0.333,0.71,11.7,3.6,1.3,0.6,0.8,0.02,-4.9,-1.4
575,1999,20,20,ATL,Dion Glover,Georgia Tech,6.0,294.0,6132.0,2407.0,897.0,455.0,0.411,0.317,0.756,20.9,8.2,3.1,1.5,5.8,0.045,-1.8,0.3
576,1999,21,21,GSW,Jeff Foster,Texas State University,13.0,764.0,15750.0,3747.0,5248.0,703.0,0.497,0.13,0.615,20.6,4.9,6.9,0.9,47.5,0.145,-0.4,6.3
577,1999,22,22,HOU,Kenny Thomas,New Mexico,11.0,632.0,17306.0,5876.0,4341.0,975.0,0.465,0.244,0.699,27.4,9.3,6.9,1.5,31.2,0.086,-1.3,3.1
578,1999,23,23,LAL,Devean George,Augsburg College,11.0,630.0,11682.0,3536.0,1975.0,543.0,0.392,0.343,0.721,18.5,5.6,3.1,0.9,18.2,0.075,-1.5,1.4
579,1999,24,24,UTA,Andrei Kirilenko,nan,13.0,797.0,23916.0,9431.0,4352.0,2169.0,0.474,0.31,0.754,30.0,11.8,5.5,2.7,75.4,0.151,4.9,41.7
580,1999,25,25,MIA,Tim James,Miami (FL),3.0,43.0,261.0,68.0,46.0,11.0,0.329,0.333,0.652,6.1,1.6,1.1,0.3,0.0,-0.003,-7.0,-0.3
581,1999,26,26,IND,Vonteego Cummings,Pitt,3.0,199.0,3789.0,1381.0,373.0,534.0,0.383,0.321,0.726,19.0,6.9,1.9,2.7,2.2,0.028,-2.4,-0.3
582,1999,27,27,ATL,Jumaine Jones,Georgia,8.0,471.0,9780.0,3325.0,1987.0,408.0,0.424,0.349,0.704,20.8,7.1,4.2,0.9,15.1,0.074,-1.2,2.1
583,1999,28,28,UTA,Scott Padgett,Kentucky,8.0,448.0,5613.0,1874.0,1227.0,325.0,0.41,0.373,0.736,12.5,4.2,2.7,0.7,13.2,0.113,-0.4,2.3
584,1999,29,29,SAS,Leon Smith,nan,2.0,15.0,104.0,33.0,33.0,3.0,0.393,,0.647,6.9,2.2,2.2,0.2,0.2,0.112,-2.9,0.0
585,1999,30,30,LAL,John Celestand,Villanova,1.0,16.0,185.0,37.0,11.0,20.0,0.333,0.222,0.833,11.6,2.3,0.7,1.3,-0.1,-0.038,-7.6,-0.3
586,1999,31,31,LAC,Rico Hill,Illinois State,,,,,,,,,,,,,,,,,
587,1999,32,32,CHI,Michael Ruffin,Tulsa,9.0,414.0,5966.0,716.0,1632.0,250.0,0.407,0.0,0.459,14.4,1.7,3.9,0.6,6.8,0.055,-3.3,-2.0
588,1999,33,33,DEN,Chris Herren,Fresno State,2.0,70.0,1005.0,224.0,73.0,167.0,0.336,0.328,0.692,14.4,3.2,1.0,2.4,0.5,0.025,-4.5,-0.6
589,1999,34,34,NJN,Evan Eschmeyer,Northwestern,4.0,153.0,2138.0,421.0,601.0,76.0,0.463,,0.621,14.0,2.8,3.9,0.5,4.0,0.09,-3.0,-0.5
590,1999,35,35,WAS,Calvin Booth,Penn State,10.0,366.0,4477.0,1190.0,1010.0,151.0,0.451,0.222,0.748,12.2,3.3,2.8,0.4,8.0,0.086,-1.8,0.3
591,1999,36,36,DAL,Wang Zhizhi,nan,5.0,137.0,1256.0,604.0,231.0,39.0,0.417,0.385,0.735,9.2,4.4,1.7,0.3,2.1,0.078,-1.6,0.1
592,1999,37,37,VAN,Obinna Ekezie,Maryland,4.0,143.0,1516.0,510.0,383.0,31.0,0.423,0.0,0.72,10.6,3.6,2.7,0.2,1.7,0.054,-5.4,-1.3
593,1999,38,38,ORL,Laron Profit,Maryland,4.0,135.0,1537.0,441.0,209.0,166.0,0.419,0.236,0.712,11.4,3.3,1.5,1.2,0.7,0.021,-2.1,0.0
594,1999,39,39,CLE,A.J. Bramlett,Arizona,1.0,8.0,61.0,8.0,22.0,0.0,0.19,,,7.6,1.0,2.8,0.0,-0.2,-0.129,-15.9,-0.2
595,1999,40,40,DAL,Gordan Giriček,nan,6.0,384.0,8824.0,3670.0,941.0,584.0,0.442,0.368,0.823,23.0,9.6,2.5,1.5,8.0,0.044,-2.5,-1.1
596,1999,41,41,DEN,Francisco Elson,California,9.0,472.0,7207.0,1726.0,1638.0,260.0,0.478,0.188,0.7,15.3,3.7,3.5,0.6,11.7,0.078,-2.7,-1.3
597,1999,42,42,MIN,Louis Bullock,Michigan,,,,,,,,,,,,,,,,,
598,1999,43,43,CHH,Lee Nailon,TCU,6.0,306.0,5820.0,2622.0,936.0,298.0,0.474,0.111,0.786,19.0,8.6,3.1,1.0,8.0,0.066,-2.0,0.0
599,1999,44,44,HOU,Tyrone Washington,Mississippi State,,,,,,,,,,,,,,,,,
600,1999,45,45,SAC,Ryan Robertson,Kansas,1.0,1.0,25.0,5.0,0.0,0.0,0.333,0.0,1.0,25.0,5.0,0.0,0.0,0.0,-0.022,-5.4,0.0
601,1999,46,46,NYK,J.R. Koch,Iowa,,,,,,,,,,,,,,,,,
602,1999,47,47,PHI,Todd MacCulloch,Washington,4.0,223.0,3439.0,1369.0,888.0,121.0,0.541,,0.642,15.4,6.1,4.0,0.5,11.9,0.166,0.3,2.0
603,1999,48,48,MIL,Galen Young,UNC Charlotte,,,,,,,,,,,,,,,,,
604,1999,49,49,CHI,Lari Ketner,UMass,2.0,25.0,139.0,34.0,34.0,2.0,0.406,,0.667,5.6,1.4,1.4,0.1,0.0,-0.015,-7.4,-0.2
605,1999,50,50,HOU,Venson Hamilton,Nebraska,,,,,,,,,,,,,,,,,
606,1999,51,51,VAN,Antwain Smith,Saint Paul's College,,,,,,,,,,,,,,,,,
607,1999,52,52,POR,Roberto Bergersen,Boise State,,,,,,,,,,,,,,,,,
608,1999,53,53,MIA,Rodney Buford,Creighton,5.0,230.0,4182.0,1472.0,598.0,179.0,0.412,0.3,0.758,18.2,6.4,2.6,0.8,2.9,0.033,-3.8,-1.9
609,1999,54,54,DET,Melvin Levett,Cincinnati,,,,,,,,,,,,,,,,,
610,1999,55,55,BOS,Kris Clack,Texas,,,,,,,,,,,,,,,,,
611,1999,56,56,GSW,Tim Young,Stanford,1.0,25.0,137.0,54.0,35.0,5.0,0.333,,0.778,5.5,2.2,1.4,0.2,0.2,0.058,-4.9,-0.1
612,1999,57,57,SAS,Manu Ginóbili,nan,16.0,1057.0,26859.0,14043.0,3697.0,4001.0,0.447,0.369,0.827,25.4,13.3,3.5,3.8,106.4,0.19,5.0,47.6
613,1999,58,58,UTA,Eddie Lucas,Virginia Tech,,,,,,,,,,,,,,,,,
614,2000,1,1,NJN,Kenyon Martin,Cincinnati,15.0,757.0,23134.0,9325.0,5159.0,1439.0,0.483,0.234,0.629,30.6,12.3,6.8,1.9,48.0,0.1,0.1,12.1
615,2000,2,2,VAN,Stromile Swift,LSU,9.0,547.0,10804.0,4582.0,2535.0,275.0,0.473,0.074,0.699,19.8,8.4,4.6,0.5,21.3,0.095,-1.6,1.1
616,2000,3,3,LAC,Darius Miles,nan,7.0,446.0,11730.0,4507.0,2190.0,840.0,0.472,0.168,0.59,26.3,10.1,4.9,1.9,9.5,0.039,-1.0,3.0
617,2000,4,4,CHI,Marcus Fizer,Iowa State,6.0,289.0,6032.0,2782.0,1340.0,352.0,0.435,0.191,0.691,20.9,9.6,4.6,1.2,2.7,0.022,-3.7,-2.6
618,2000,5,5,ORL,Mike Miller,Florida,17.0,1032.0,27812.0,10973.0,4376.0,2666.0,0.459,0.407,0.769,26.9,10.6,4.2,2.6,60.7,0.105,0.8,19.8
619,2000,6,6,ATL,DerMarr Johnson,Cincinnati,7.0,344.0,5930.0,2121.0,769.0,304.0,0.411,0.336,0.789,17.2,6.2,2.2,0.9,6.4,0.052,-1.6,0.6
620,2000,7,7,CHI,Chris Mihm,Texas,8.0,436.0,8758.0,3262.0,2302.0,223.0,0.459,0.231,0.704,20.1,7.5,5.3,0.5,13.3,0.073,-3.9,-4.3
621,2000,8,8,CLE,Jamal Crawford,Michigan,20.0,1327.0,38994.0,19419.0,2948.0,4541.0,0.41,0.348,0.862,29.4,14.6,2.2,3.4,60.7,0.075,-0.1,18.4
622,2000,9,9,HOU,Joel Przybilla,Minnesota,13.0,592.0,11733.0,2293.0,3665.0,256.0,0.552,0.0,0.557,19.8,3.9,6.2,0.4,23.0,0.094,-1.7,0.8
623,2000,10,10,ORL,Keyon Dooling,Missouri,13.0,728.0,14134.0,5067.0,964.0,1601.0,0.416,0.349,0.799,19.4,7.0,1.3,2.2,18.5,0.063,-2.0,-0.2
624,2000,11,11,BOS,Jérôme Moïso,UCLA,5.0,145.0,1392.0,386.0,395.0,38.0,0.489,0.0,0.593,9.6,2.7,2.7,0.3,2.1,0.074,-2.9,-0.3
625,2000,12,12,DAL,Etan Thomas,Syracuse,9.0,409.0,7084.0,2341.0,1927.0,149.0,0.513,,0.603,17.3,5.7,4.7,0.4,14.9,0.101,-2.1,-0.2
626,2000,13,13,ORL,Courtney Alexander,Fresno State,3.0,187.0,4067.0,1690.0,409.0,227.0,0.422,0.339,0.813,21.7,9.0,2.2,1.2,4.1,0.048,-3.7,-1.7
627,2000,14,14,DET,Mateen Cleaves,Michigan State,6.0,167.0,1863.0,609.0,175.0,310.0,0.389,0.267,0.728,11.2,3.6,1.0,1.9,-0.8,-0.021,-5.6,-1.7
628,2000,15,15,MIL,Jason Collier,Georgia Tech,5.0,151.0,2178.0,841.0,443.0,51.0,0.455,0.35,0.738,14.4,5.6,2.9,0.3,1.9,0.042,-5.4,-1.9
629,2000,16,16,SAC,Hedo Türkoğlu,nan,15.0,997.0,26695.0,11022.0,3971.0,2832.0,0.426,0.384,0.784,26.8,11.1,4.0,2.8,63.3,0.114,0.9,19.6
630,2000,17,17,SEA,Desmond Mason,Oklahoma State,10.0,643.0,19641.0,7767.0,2863.0,1049.0,0.449,0.26,0.74,30.5,12.1,4.5,1.6,23.1,0.056,-2.4,-2.1
631,2000,18,18,LAC,Quentin Richardson,DePaul,13.0,783.0,20785.0,8032.0,3666.0,1138.0,0.397,0.355,0.718,26.5,10.3,4.7,1.5,32.8,0.076,-0.4,8.5
632,2000,19,19,CHH,Jamaal Magloire,Kentucky,12.0,680.0,14621.0,4917.0,4408.0,386.0,0.48,0.0,0.639,21.5,7.2,6.5,0.6,27.7,0.091,-2.9,-3.1
633,2000,20,20,PHI,Speedy Claxton,Hofstra,7.0,334.0,8548.0,3096.0,830.0,1441.0,0.409,0.193,0.762,25.6,9.3,2.5,4.3,14.2,0.08,-0.3,3.6
634,2000,21,21,TOR,Morris Peterson,Michigan State,11.0,711.0,19366.0,7628.0,2483.0,1090.0,0.418,0.373,0.773,27.2,10.7,3.5,1.5,35.7,0.089,-0.4,7.6
635,2000,22,22,NYK,Donnell Harvey,Florida,5.0,205.0,3318.0,1150.0,827.0,161.0,0.46,0.1,0.659,16.2,5.6,4.0,0.8,4.7,0.069,-2.6,-0.5
636,2000,23,23,UTA,DeShawn Stevenson,nan,13.0,824.0,18396.0,5930.0,1832.0,1355.0,0.406,0.34,0.698,22.3,7.2,2.2,1.6,12.1,0.032,-2.7,-3.5
637,2000,24,24,CHI,Dalibor Bagarić,nan,3.0,95.0,973.0,251.0,238.0,37.0,0.361,0.0,0.559,10.2,2.6,2.5,0.4,-0.9,-0.043,-7.9,-1.5
638,2000,25,25,PHO,Jake Tsakalidis,nan,7.0,315.0,5005.0,1497.0,1238.0,101.0,0.49,0.0,0.657,15.9,4.8,3.9,0.3,9.9,0.095,-3.1,-1.4
639,2000,26,26,DEN,Mamadou N'Diaye,Auburn,5.0,69.0,858.0,262.0,225.0,8.0,0.427,0.0,0.736,12.4,3.8,3.3,0.1,1.8,0.101,-4.2,-0.5
640,2000,27,27,IND,Primož Brezec,nan,8.0,342.0,6192.0,2452.0,1327.0,179.0,0.498,0.167,0.701,18.1,7.2,3.9,0.5,10.8,0.084,-3.1,-1.7
641,2000,28,28,POR,Erick Barkley,St. John's,2.0,27.0,266.0,77.0,21.0,40.0,0.356,0.267,0.9,9.9,2.9,0.8,1.5,0.2,0.027,-3.7,-0.1
642,2000,29,29,LAL,Mark Madsen,Stanford,9.0,453.0,5335.0,975.0,1157.0,181.0,0.457,0.063,0.527,11.8,2.2,2.6,0.4,8.2,0.074,-4.1,-2.9
643,2000,30,30,LAC,Marko Jarić,nan,7.0,447.0,11246.0,3193.0,1200.0,1600.0,0.404,0.344,0.73,25.2,7.1,2.7,3.6,12.1,0.052,-0.7,3.8
644,2000,31,31,DAL,Dan Langhi,Vanderbilt,4.0,133.0,1253.0,393.0,199.0,39.0,0.391,0.289,0.613,9.4,3.0,1.5,0.3,0.3,0.012,-4.6,-0.8
645,2000,32,32,CHI,A.J. Guyton,Indiana,3.0,80.0,1246.0,442.0,80.0,147.0,0.377,0.378,0.822,15.6,5.5,1.0,1.8,0.3,0.01,-2.9,-0.3
646,2000,33,33,CHI,Jake Voskuhl,UConn,9.0,450.0,6443.0,1814.0,1539.0,237.0,0.487,0.333,0.714,14.3,4.0,3.4,0.5,11.6,0.087,-3.8,-3.0
647,2000,34,34,CHI,Khalid El-Amin,UConn,1.0,50.0,936.0,314.0,81.0,145.0,0.37,0.333,0.778,18.7,6.3,1.6,2.9,0.6,0.03,-2.4,-0.1
648,2000,35,35,WAS,Mike Smith,Louisiana-Monroe,1.0,17.0,180.0,51.0,22.0,10.0,0.322,0.167,0.625,10.6,3.0,1.3,0.6,-0.1,-0.033,-4.2,-0.1
649,2000,36,36,NJN,Soumaila Samake,nan,2.0,47.0,303.0,68.0,76.0,5.0,0.389,,0.462,6.4,1.4,1.6,0.1,0.3,0.046,-3.7,-0.1
650,2000,37,37,MIA,Eddie House,Arizona State,11.0,717.0,12405.0,5356.0,1223.0,1112.0,0.409,0.39,0.851,17.3,7.5,1.7,1.6,20.0,0.077,0.0,6.1
651,2000,38,38,HOU,Eduardo Nájera,Oklahoma,12.0,619.0,11213.0,3052.0,2307.0,493.0,0.481,0.311,0.671,18.1,4.9,3.7,0.8,24.7,0.106,-0.9,3.0
652,2000,39,39,NYK,Lavor Postell,St. John's,3.0,61.0,446.0,195.0,45.0,13.0,0.335,0.25,0.795,7.3,3.2,0.7,0.2,-0.2,-0.025,-5.0,-0.3
653,2000,40,40,ATL,Hanno Möttölä,Utah,2.0,155.0,2360.0,715.0,442.0,75.0,0.442,0.063,0.783,15.2,4.6,2.9,0.5,0.9,0.019,-5.9,-2.3
654,2000,41,41,SAS,Chris Carrawell,Duke,,,,,,,,,,,,,,,,,
655,2000,42,42,SEA,Olumide Oyedeji,nan,3.0,93.0,587.0,127.0,196.0,11.0,0.495,,0.659,6.3,1.4,2.1,0.1,1.2,0.095,-4.3,-0.3
656,2000,43,43,MIL,Michael Redd,Ohio State,12.0,629.0,20104.0,11972.0,2411.0,1338.0,0.447,0.38,0.838,32.0,19.0,3.8,2.1,55.9,0.134,2.2,21.4
657,2000,44,44,DET,Brian Cardinal,Purdue,12.0,456.0,6477.0,2108.0,1050.0,465.0,0.408,0.372,0.861,14.2,4.6,2.3,1.0,15.4,0.114,-0.1,3.2
658,2000,45,45,SAC,Jabari Smith,LSU,4.0,108.0,1063.0,329.0,178.0,66.0,0.413,0.125,0.69,9.8,3.0,1.6,0.6,1.3,0.058,-4.3,-0.6
659,2000,46,46,TOR,DeeAndre Hulett,College of the Sequoias,,,,,,,,,,,,,,,,,
660,2000,47,47,SEA,Josip Sesar,nan,,,,,,,,,,,,,,,,,
661,2000,48,48,PHI,Mark Karcher,Temple,,,,,,,,,,,,,,,,,
662,2000,49,49,MIL,Jason Hart,Syracuse,9.0,341.0,5289.0,1623.0,567.0,774.0,0.417,0.315,0.788,15.5,4.8,1.7,2.3,8.6,0.078,-1.2,1.0
663,2000,50,50,UTA,Kaniel Dickens,Idaho,3.0,19.0,85.0,22.0,12.0,2.0,0.4,0.333,0.75,4.5,1.2,0.6,0.1,0.1,0.055,-3.0,0.0
664,2000,51,51,MIN,Igor Rakočević,nan,1.0,42.0,244.0,78.0,17.0,33.0,0.379,0.417,0.806,5.8,1.9,0.4,0.8,0.1,0.022,-4.9,-0.2
665,2000,52,52,MIA,Ernest Brown,Indian Hills Community College,1.0,3.0,21.0,3.0,6.0,0.0,0.167,,0.25,7.0,1.0,2.0,0.0,-0.2,-0.349,-18.2,-0.1
666,2000,53,53,DEN,Dan McClintock,Northern Arizona University,1.0,6.0,58.0,18.0,17.0,1.0,0.5,,0.0,9.7,3.0,2.8,0.2,0.0,0.007,-7.9,-0.1
667,2000,54,54,SAS,Cory Hightower,Indian Hills Community College,,,,,,,,,,,,,,,,,
668,2000,55,55,GSW,Chris Porter,Auburn,1.0,51.0,1147.0,440.0,189.0,61.0,0.389,0.0,0.667,22.5,8.6,3.7,1.2,0.2,0.008,-4.5,-0.7
669,2000,56,56,IND,Jaquay Walls,Colorado,,,,,,,,,,,,,,,,,
670,2000,57,57,ATL,Scoonie Penn,Ohio State,,,,,,,,,,,,,,,,,
671,2000,58,58,DAL,Pete Mickeal,Cincinnati,,,,,,,,,,,,,,,,,
672,2001,1,1,WAS,Kwame Brown,nan,12.0,607.0,13389.0,4035.0,3333.0,554.0,0.492,0.111,0.57,22.1,6.6,5.5,0.9,20.8,0.074,-2.4,-1.3
673,2001,2,2,LAC,Tyson Chandler,nan,19.0,1160.0,31617.0,9509.0,10467.0,967.0,0.597,0.0,0.644,27.3,8.2,9.0,0.8,102.1,0.155,0.1,16.9
674,2001,3,3,ATL,Pau Gasol,nan,18.0,1226.0,41001.0,20894.0,11305.0,3925.0,0.507,0.368,0.753,33.4,17.0,9.2,3.2,144.1,0.169,3.6,57.5
675,2001,4,4,CHI,Eddy Curry,nan,11.0,527.0,13109.0,6820.0,2725.0,287.0,0.545,1.0,0.642,24.9,12.9,5.2,0.5,21.7,0.08,-2.4,-1.3
676,2001,5,5,GSW,Jason Richardson,Michigan State,13.0,857.0,29241.0,14644.0,4245.0,2284.0,0.438,0.37,0.707,34.1,17.1,5.0,2.7,59.1,0.097,1.2,23.8
677,2001,6,6,MEM,Shane Battier,Duke,13.0,977.0,30004.0,8408.0,4082.0,1717.0,0.437,0.384,0.743,30.7,8.6,4.2,1.8,75.7,0.121,1.7,28.2
678,2001,7,7,NJN,Eddie Griffin,Seton Hall,5.0,303.0,6729.0,2171.0,1744.0,236.0,0.377,0.315,0.671,22.2,7.2,5.8,0.8,10.9,0.078,-0.4,2.8
679,2001,8,8,CLE,DeSagana Diop,nan,12.0,601.0,8403.0,1185.0,2219.0,270.0,0.427,0.167,0.467,14.0,2.0,3.7,0.4,12.8,0.073,-1.9,0.2
680,2001,9,9,DET,Rodney White,UNC Charlotte,4.0,218.0,3354.0,1540.0,485.0,237.0,0.424,0.314,0.749,15.4,7.1,2.2,1.1,1.8,0.026,-2.2,-0.1
681,2001,10,10,BOS,Joe Johnson,Arkansas,18.0,1277.0,44236.0,20407.0,5059.0,5001.0,0.441,0.371,0.802,34.6,16.0,4.0,3.9,82.9,0.09,0.4,26.5
682,2001,11,11,BOS,Kedrick Brown,Okaloosa-Walton Community College,4.0,143.0,1935.0,509.0,347.0,103.0,0.405,0.274,0.64,13.5,3.6,2.4,0.7,3.0,0.074,-1.1,0.4
683,2001,12,12,SEA,Vladimir Radmanović,nan,12.0,737.0,16164.0,5879.0,2784.0,998.0,0.415,0.378,0.758,21.9,8.0,3.8,1.4,26.5,0.079,-0.1,7.6
684,2001,13,13,HOU,Richard Jefferson,Arizona,17.0,1181.0,34293.0,14904.0,4720.0,2412.0,0.464,0.376,0.768,29.0,12.6,4.0,2.0,83.0,0.116,0.2,19.4
685,2001,14,14,GSW,Troy Murphy,Notre Dame,12.0,729.0,19921.0,7860.0,5708.0,1088.0,0.445,0.388,0.785,27.3,10.8,7.8,1.5,50.3,0.121,0.1,10.6
686,2001,15,15,ORL,Steven Hunter,DePaul,8.0,400.0,5993.0,1817.0,1264.0,79.0,0.56,0.0,0.485,15.0,4.5,3.2,0.2,10.6,0.085,-2.3,-0.5
687,2001,16,16,CHH,Kirk Haston,Indiana,2.0,27.0,134.0,32.0,27.0,8.0,0.232,0.0,0.5,5.0,1.2,1.0,0.3,-0.5,-0.197,-13.3,-0.4
688,2001,17,17,TOR,Michael Bradley,Villanova,5.0,173.0,2016.0,483.0,591.0,93.0,0.477,0.143,0.511,11.7,2.8,3.4,0.5,2.0,0.047,-4.0,-1.0
689,2001,18,18,HOU,Jason Collins,Stanford,13.0,735.0,14974.0,2621.0,2706.0,626.0,0.411,0.206,0.647,20.4,3.6,3.7,0.9,20.1,0.064,-3.7,-6.5
690,2001,19,19,POR,Zach Randolph,Michigan State,17.0,1116.0,34616.0,18578.0,10208.0,2049.0,0.471,0.273,0.764,31.0,16.6,9.1,1.8,81.1,0.112,0.2,18.8
691,2001,20,20,CLE,Brendan Haywood,UNC,13.0,816.0,18680.0,5538.0,4875.0,442.0,0.528,0.0,0.587,22.9,6.8,6.0,0.5,43.8,0.113,-1.4,2.9
692,2001,21,21,BOS,Joseph Forte,UNC,2.0,25.0,125.0,30.0,17.0,17.0,0.234,0.0,0.8,5.0,1.2,0.7,0.7,-0.4,-0.166,-8.6,-0.2
693,2001,22,22,ORL,Jeryl Sasser,SMU,2.0,82.0,1061.0,204.0,191.0,67.0,0.303,0.295,0.687,12.9,2.5,2.3,0.8,0.7,0.032,-2.5,-0.1
694,2001,23,23,HOU,Brandon Armstrong,Pepperdine,3.0,108.0,699.0,239.0,63.0,24.0,0.352,0.333,0.6,6.5,2.2,0.6,0.2,-0.6,-0.039,-8.0,-1.0
695,2001,24,24,UTA,Raül López,nan,2.0,113.0,2135.0,733.0,194.0,428.0,0.429,0.346,0.853,18.9,6.5,1.7,3.8,2.1,0.047,-2.4,-0.2
696,2001,25,25,SAC,Gerald Wallace,Alabama,14.0,832.0,24731.0,9933.0,4838.0,1725.0,0.469,0.312,0.709,29.7,11.9,5.8,2.1,59.7,0.116,1.8,23.5
697,2001,26,26,PHI,Samuel Dalembert,Seton Hall,13.0,886.0,21646.0,6814.0,6942.0,465.0,0.521,0.083,0.706,24.4,7.7,7.8,0.5,51.3,0.114,-1.1,4.6
698,2001,27,27,MEM,Jamaal Tinsley,Iowa State,11.0,547.0,14443.0,4652.0,1605.0,3330.0,0.393,0.299,0.716,26.4,8.5,2.9,6.1,17.2,0.057,0.0,7.1
699,2001,28,28,SAS,Tony Parker,nan,18.0,1254.0,38279.0,19473.0,3396.0,7036.0,0.491,0.324,0.751,30.5,15.5,2.7,5.6,111.3,0.14,1.1,30.1
700,2001,30,30,CHI,Trenton Hassell,Austin Peay State University,9.0,644.0,16278.0,3741.0,1826.0,1132.0,0.445,0.318,0.765,25.3,5.8,2.8,1.8,13.8,0.041,-2.9,-3.7
701,2001,31,31,GSW,Gilbert Arenas,Arizona,11.0,552.0,19351.0,11402.0,2168.0,2909.0,0.421,0.351,0.803,35.1,20.7,3.9,5.3,51.3,0.127,2.6,22.3
702,2001,32,32,ORL,Omar Cook,St. John's,2.0,22.0,213.0,37.0,13.0,46.0,0.333,0.0,0.5,9.7,1.7,0.6,2.1,-0.1,-0.021,-2.7,0.0
703,2001,33,33,MEM,Will Solomon,Clemson,2.0,115.0,1584.0,584.0,132.0,225.0,0.378,0.298,0.692,13.8,5.1,1.1,2.0,0.0,0.0,-3.3,-0.5
704,2001,34,34,ATL,Terence Morris,Maryland,3.0,139.0,1934.0,472.0,377.0,93.0,0.407,0.196,0.711,13.9,3.4,2.7,0.7,1.0,0.025,-2.8,-0.4
705,2001,35,35,NJN,Brian Scalabrine,USC,11.0,520.0,6772.0,1594.0,1034.0,436.0,0.39,0.344,0.783,13.0,3.1,2.0,0.8,7.6,0.054,-2.7,-1.2
706,2001,36,36,CLE,Jeff Trepagnier,USC,3.0,31.0,270.0,88.0,43.0,22.0,0.337,0.462,0.7,8.7,2.8,1.4,0.7,-0.2,-0.038,-2.8,-0.1
707,2001,37,37,PHI,Damone Brown,Syracuse,4.0,39.0,351.0,108.0,52.0,19.0,0.336,0.286,0.667,9.0,2.8,1.3,0.5,-0.7,-0.1,-8.6,-0.6
708,2001,38,38,DET,Mehmet Okur,nan,10.0,634.0,18429.0,8561.0,4436.0,1089.0,0.458,0.375,0.797,29.1,13.5,7.0,1.7,54.7,0.142,1.1,14.5
709,2001,39,39,NYK,Michael Wright,Arizona,,,,,,,,,,,,,,,,,
710,2001,40,40,SEA,Earl Watson,UCLA,13.0,878.0,19494.0,5593.0,1985.0,3871.0,0.411,0.324,0.703,22.2,6.4,2.3,4.4,19.2,0.047,-1.4,2.8
711,2001,41,41,IND,Jamison Brewer,Auburn,4.0,54.0,468.0,89.0,50.0,56.0,0.372,0.25,0.393,8.7,1.6,0.9,1.0,0.0,-0.001,-2.4,0.0
712,2001,42,42,SEA,Bobby Simmons,DePaul,10.0,466.0,11513.0,4189.0,1791.0,710.0,0.437,0.396,0.823,24.7,9.0,3.8,1.5,20.1,0.084,-0.7,3.6
713,2001,43,43,NYK,Eric Chenowith,Kansas,,,,,,,,,,,,,,,,,
714,2001,44,44,DAL,Kyle Hill,Eastern Illinois University,,,,,,,,,,,,,,,,,
715,2001,45,45,CHI,Sean Lampley,California,2.0,45.0,550.0,203.0,94.0,33.0,0.463,0.0,0.691,12.2,4.5,2.1,0.7,1.1,0.096,-1.7,0.0
716,2001,46,46,MIN,Loren Woods,Arizona,6.0,215.0,2428.0,555.0,682.0,74.0,0.419,0.143,0.642,11.3,2.6,3.2,0.3,3.1,0.062,-2.5,-0.3
717,2001,47,47,DEN,Ousmane Cisse,nan,,,,,,,,,,,,,,,,,
718,2001,48,48,MEM,Antonis Fotsis,nan,1.0,28.0,320.0,108.0,62.0,10.0,0.404,0.304,0.85,11.4,3.9,2.2,0.4,0.1,0.017,-3.4,-0.1
719,2001,49,49,MIA,Ken Johnson,Ohio State,1.0,16.0,156.0,32.0,32.0,0.0,0.405,,0.333,9.8,2.0,2.0,0.0,0.0,-0.002,-6.8,-0.2
720,2001,50,50,POR,Ruben Boumtje-Boumtje,Georgetown,3.0,44.0,276.0,43.0,57.0,6.0,0.368,,0.556,6.3,1.0,1.3,0.1,0.2,0.027,-5.4,-0.2
721,2001,51,51,PHO,Alton Ford,Houston,3.0,73.0,524.0,186.0,124.0,11.0,0.507,,0.697,7.2,2.5,1.7,0.2,0.8,0.074,-6.4,-0.6
722,2001,52,52,MIL,Andre Hutson,Michigan State,,,,,,,,,,,,,,,,,
723,2001,53,53,UTA,Jarron Collins,Stanford,10.0,542.0,8542.0,2095.0,1579.0,419.0,0.455,0.0,0.699,15.8,3.9,2.9,0.8,15.7,0.088,-3.1,-2.5
724,2001,54,54,DAL,Kenny Satterfield,Cincinnati,2.0,75.0,1062.0,321.0,95.0,176.0,0.335,0.218,0.746,14.2,4.3,1.3,2.3,-1.1,-0.051,-4.1,-0.6
725,2001,55,55,SAC,Maurice Jeffers,Saint Louis,,,,,,,,,,,,,,,,,
726,2001,56,56,SAS,Robertas Javtokas,nan,,,,,,,,,,,,,,,,,
727,2001,57,57,PHI,Alvin Jones,Georgia Tech,1.0,23.0,126.0,26.0,36.0,3.0,0.4,,0.5,5.5,1.1,1.6,0.1,0.1,0.034,-8.7,-0.2
728,2001,58,58,SAS,Bryan Bracey,Oregon,,,,,,,,,,,,,,,,,
729,2002,1,1,HOU,Yao Ming,nan,8.0,486.0,15818.0,9247.0,4494.0,769.0,0.524,0.2,0.833,32.5,19.0,9.2,1.6,65.9,0.2,3.2,20.7
730,2002,2,2,CHI,Jay Williams,Duke,1.0,75.0,1961.0,714.0,195.0,350.0,0.399,0.322,0.64,26.1,9.5,2.6,4.7,0.8,0.02,-2.0,0.0
731,2002,3,3,GSW,Mike Dunleavy,Duke,15.0,986.0,27340.0,11048.0,4211.0,2185.0,0.441,0.377,0.803,27.7,11.2,4.3,2.2,58.5,0.103,0.3,15.7
732,2002,4,4,MEM,Drew Gooden,Kansas,14.0,790.0,20127.0,8653.0,5618.0,896.0,0.462,0.257,0.76,25.5,11.0,7.1,1.1,43.9,0.105,-1.2,4.3
733,2002,5,5,DEN,Nikoloz Tskitishvili,nan,4.0,172.0,1946.0,507.0,307.0,114.0,0.304,0.235,0.73,11.3,2.9,1.8,0.7,-1.6,-0.039,-6.1,-2.0
734,2002,6,6,CLE,Dajuan Wagner,Memphis,4.0,103.0,2202.0,964.0,142.0,195.0,0.366,0.321,0.77,21.4,9.4,1.4,1.9,0.0,0.0,-4.9,-1.6
735,2002,7,7,NYK,Nenê,nan,17.0,965.0,25237.0,10909.0,5828.0,1719.0,0.548,0.132,0.66,26.2,11.3,6.0,1.8,73.3,0.139,1.0,18.8
736,2002,8,8,LAC,Chris Wilcox,Maryland,11.0,628.0,12474.0,5150.0,3076.0,455.0,0.541,0.0,0.643,19.9,8.2,4.9,0.7,26.9,0.103,-1.6,1.2
737,2002,9,9,PHO,Amar'e Stoudemire,nan,14.0,846.0,26254.0,15994.0,6632.0,1050.0,0.537,0.236,0.761,31.0,18.9,7.8,1.2,92.5,0.169,1.3,21.9
738,2002,10,10,MIA,Caron Butler,UConn,14.0,881.0,28333.0,12430.0,4387.0,2007.0,0.434,0.348,0.847,32.2,14.1,5.0,2.3,50.9,0.086,-0.2,12.6
739,2002,11,11,WAS,Jared Jeffries,Indiana,11.0,629.0,13579.0,3003.0,2563.0,798.0,0.426,0.25,0.583,21.6,4.8,4.1,1.3,13.1,0.046,-2.4,-1.5
740,2002,12,12,LAC,Melvin Ely,Fresno State,9.0,375.0,6005.0,1992.0,1215.0,261.0,0.46,0.0,0.625,16.0,5.3,3.2,0.7,4.0,0.032,-4.0,-3.1
741,2002,13,13,MIL,Marcus Haislip,Tennessee,4.0,89.0,854.0,311.0,131.0,16.0,0.437,0.35,0.659,9.6,3.5,1.5,0.2,0.5,0.026,-4.7,-0.6
742,2002,14,14,IND,Fred Jones,Oregon,7.0,430.0,10299.0,3206.0,958.0,990.0,0.411,0.353,0.809,24.0,7.5,2.2,2.3,16.5,0.077,-1.0,2.6
743,2002,15,15,HOU,Boštjan Nachbar,nan,6.0,317.0,5628.0,2252.0,836.0,283.0,0.406,0.375,0.784,17.8,7.1,2.6,0.9,8.7,0.074,-1.6,0.6
744,2002,16,16,PHI,Jiří Welsch,nan,4.0,247.0,4596.0,1519.0,602.0,375.0,0.403,0.343,0.752,18.6,6.1,2.4,1.5,5.7,0.059,-1.9,0.1
745,2002,17,17,WAS,Juan Dixon,Maryland,7.0,436.0,8509.0,3678.0,816.0,775.0,0.413,0.341,0.833,19.5,8.4,1.9,1.8,6.1,0.034,-2.1,-0.3
746,2002,18,18,ORL,Curtis Borchardt,Stanford,2.0,83.0,1117.0,258.0,278.0,64.0,0.421,0.0,0.742,13.5,3.1,3.3,0.8,1.0,0.041,-3.8,-0.5
747,2002,19,19,UTA,Ryan Humphrey,Notre Dame,3.0,85.0,772.0,197.0,189.0,18.0,0.344,0.0,0.539,9.1,2.3,2.2,0.2,-0.4,-0.027,-8.1,-1.2
748,2002,20,20,TOR,Kareem Rush,Missouri,7.0,346.0,5956.0,2213.0,572.0,353.0,0.4,0.358,0.703,17.2,6.4,1.7,1.0,1.7,0.013,-3.2,-1.8
749,2002,21,21,POR,Qyntel Woods,Northeast Mississippi Community College,4.0,167.0,2060.0,691.0,385.0,105.0,0.452,0.357,0.603,12.3,4.1,2.3,0.6,1.4,0.032,-2.7,-0.4
750,2002,22,22,PHO,Casey Jacobsen,Stanford,4.0,287.0,5320.0,1488.0,516.0,304.0,0.393,0.352,0.769,18.5,5.2,1.8,1.1,6.2,0.056,-2.2,-0.3
751,2002,23,23,DET,Tayshaun Prince,Kentucky,14.0,1017.0,31576.0,11272.0,4332.0,2406.0,0.455,0.367,0.756,31.0,11.1,4.3,2.4,63.1,0.096,0.3,18.0
752,2002,24,24,NJN,Nenad Krstić,nan,7.0,419.0,10547.0,4210.0,2261.0,346.0,0.494,0.143,0.73,25.2,10.0,5.4,0.8,21.5,0.098,-2.6,-1.5
753,2002,25,25,DEN,Frank Williams,Illinois,3.0,86.0,952.0,253.0,77.0,166.0,0.352,0.3,0.833,11.1,2.9,0.9,1.9,0.1,0.003,-3.2,-0.3
754,2002,26,26,SAS,John Salmons,Miami (FL),13.0,895.0,23672.0,8292.0,2603.0,2183.0,0.431,0.366,0.799,26.4,9.3,2.9,2.4,33.9,0.069,-0.9,6.7
755,2002,27,27,LAL,Chris Jefferies,Fresno State,2.0,72.0,861.0,281.0,88.0,29.0,0.383,0.365,0.667,12.0,3.9,1.2,0.4,-0.5,-0.03,-5.5,-0.8
756,2002,28,28,SAC,Dan Dickau,Gonzaga,6.0,300.0,4617.0,1745.0,405.0,752.0,0.401,0.341,0.831,15.4,5.8,1.4,2.5,5.9,0.061,-1.5,0.6
757,2002,30,30,GSW,Steve Logan,Cincinnati,,,,,,,,,,,,,,,,,
758,2002,31,31,CHI,Roger Mason,Virginia,10.0,518.0,9147.0,3289.0,897.0,677.0,0.408,0.383,0.866,17.7,6.3,1.7,1.3,13.0,0.068,-1.4,1.4
759,2002,32,32,MEM,Robert Archibald,Illinois,2.0,44.0,328.0,51.0,69.0,16.0,0.283,,0.429,7.5,1.2,1.6,0.4,0.0,-0.004,-6.1,-0.3
760,2002,33,33,DEN,Vincent Yarbrough,Tennessee,1.0,59.0,1381.0,406.0,162.0,130.0,0.393,0.269,0.79,23.4,6.9,2.7,2.2,1.0,0.035,-2.4,-0.1
761,2002,34,34,MIL,Dan Gadzuric,UCLA,10.0,527.0,7793.0,2465.0,2326.0,196.0,0.5,0.0,0.498,14.8,4.7,4.4,0.4,15.8,0.097,-2.3,-0.7
762,2002,35,35,CLE,Carlos Boozer,Duke,13.0,861.0,26901.0,13976.0,8192.0,1928.0,0.521,0.071,0.722,31.2,16.2,9.5,2.2,80.3,0.143,1.4,23.1
763,2002,36,36,NYK,Milos Vujanic,nan,,,,,,,,,,,,,,,,,
764,2002,37,37,ATL,David Andersen,nan,2.0,103.0,1264.0,501.0,292.0,57.0,0.44,0.347,0.674,12.3,4.9,2.8,0.6,1.5,0.059,-2.9,-0.3
765,2002,38,38,HOU,Tito Maddox,Fresno State,1.0,9.0,35.0,11.0,7.0,5.0,0.25,0.0,0.625,3.9,1.2,0.8,0.6,0.0,-0.011,-1.4,0.0
766,2002,39,39,WAS,Rod Grizzard,Alabama,,,,,,,,,,,,,,,,,
767,2002,40,40,WAS,Juan Carlos Navarro,nan,1.0,82.0,2117.0,896.0,210.0,177.0,0.402,0.361,0.849,25.8,10.9,2.6,2.2,1.4,0.031,-2.3,-0.2
768,2002,41,41,LAC,Mario Kasun,nan,2.0,73.0,569.0,198.0,188.0,11.0,0.467,0.0,0.636,7.8,2.7,2.6,0.2,0.8,0.069,-7.0,-0.7
769,2002,42,42,MIL,Ronald Murray,Shaw,8.0,487.0,11077.0,4817.0,1006.0,1096.0,0.414,0.304,0.725,22.7,9.9,2.1,2.3,8.5,0.037,-2.2,-0.5
770,2002,43,43,POR,Jason Jennings,Arkansas State University,,,,,,,,,,,,,,,,,
771,2002,44,44,CHI,Lonny Baxter,Maryland,4.0,162.0,1884.0,637.0,477.0,40.0,0.466,0.2,0.657,11.6,3.9,2.9,0.2,2.9,0.075,-4.6,-1.2
772,2002,45,45,PHI,Sam Clancy,USC,,,,,,,,,,,,,,,,,
773,2002,46,46,MEM,Matt Barnes,UCLA,14.0,929.0,21967.0,7589.0,4281.0,1691.0,0.436,0.335,0.745,23.6,8.2,4.6,1.8,42.8,0.093,-0.1,10.7
774,2002,47,47,UTA,Jamal Sampson,California,5.0,72.0,631.0,142.0,242.0,26.0,0.491,0.0,0.537,8.8,2.0,3.4,0.4,1.4,0.106,-2.3,-0.1
775,2002,48,48,MIL,Chris Owens,Texas,1.0,1.0,6.0,4.0,1.0,0.0,0.667,,,6.0,4.0,1.0,0.0,0.0,-0.032,-0.5,0.0
776,2002,49,49,SEA,Peter Fehse,nan,,,,,,,,,,,,,,,,,
777,2002,50,50,BOS,Darius Songaila,Wake Forest,8.0,495.0,9229.0,3415.0,1689.0,589.0,0.499,0.158,0.844,18.6,6.9,3.4,1.2,15.9,0.083,-2.1,-0.2
778,2002,51,51,POR,Federico Kammerichs,nan,,,,,,,,,,,,,,,,,
779,2002,52,52,MIN,Marcus Taylor,Michigan State,,,,,,,,,,,,,,,,,
780,2002,53,53,MIA,Rasual Butler,La Salle,13.0,809.0,17219.0,6092.0,1934.0,658.0,0.403,0.362,0.747,21.3,7.5,2.4,0.8,20.8,0.058,-1.4,2.6
781,2002,54,54,NJN,Tamar Slay,Marshall,3.0,66.0,517.0,173.0,70.0,31.0,0.361,0.265,0.538,7.8,2.6,1.1,0.5,-0.3,-0.029,-5.7,-0.5
782,2002,55,55,DAL,Mladen Sekularac,nan,,,,,,,,,,,,,,,,,
783,2002,56,56,SAS,Luis Scola,nan,10.0,743.0,19001.0,8882.0,4941.0,1194.0,0.493,0.339,0.74,25.6,12.0,6.7,1.6,45.7,0.115,-0.7,6.4
784,2002,57,57,SAS,Randy Holcomb,San Diego State,1.0,4.0,11.0,2.0,1.0,0.0,1.0,,,2.8,0.5,0.3,0.0,0.0,0.15,-1.7,0.0
785,2002,58,58,SAC,Corsley Edwards,Central Connecticut State University,1.0,10.0,110.0,27.0,25.0,3.0,0.323,,0.583,11.0,2.7,2.5,0.3,0.1,0.026,-6.2,-0.1
786,2003,1,1,CLE,LeBron James,nan,19.0,1366.0,52139.0,37062.0,10210.0,10045.0,0.505,0.346,0.734,38.2,27.1,7.5,7.4,249.5,0.23,8.9,142.6
787,2003,2,2,DET,Darko Miličić,nan,10.0,468.0,8638.0,2813.0,1971.0,405.0,0.46,0.0,0.574,18.5,6.0,4.2,0.9,7.1,0.04,-2.4,-0.9
788,2003,3,3,DEN,Carmelo Anthony,Syracuse,19.0,1260.0,43514.0,28289.0,7808.0,3422.0,0.447,0.355,0.814,34.5,22.5,6.2,2.7,108.5,0.12,1.3,36.7
789,2003,4,4,TOR,Chris Bosh,Georgia Tech,13.0,893.0,31936.0,17189.0,7592.0,1795.0,0.494,0.335,0.799,35.8,19.2,8.5,2.0,106.0,0.159,1.9,31.1
790,2003,5,5,MIA,Dwyane Wade,Marquette,16.0,1054.0,35773.0,23165.0,4933.0,5701.0,0.48,0.293,0.765,33.9,22.0,4.7,5.4,120.7,0.162,5.0,62.8
791,2003,6,6,LAC,Chris Kaman,Central Michigan University,13.0,735.0,19642.0,8208.0,5582.0,921.0,0.489,0.042,0.743,26.7,11.2,7.6,1.3,24.6,0.06,-1.9,0.4
792,2003,7,7,CHI,Kirk Hinrich,Kansas,13.0,879.0,27015.0,9594.0,2576.0,4245.0,0.411,0.375,0.8,30.7,10.9,2.9,4.8,52.5,0.093,0.0,13.3
793,2003,8,8,MIL,T.J. Ford,Texas,8.0,429.0,11882.0,4797.0,1331.0,2495.0,0.433,0.289,0.815,27.7,11.2,3.1,5.8,16.9,0.068,-0.4,4.6
794,2003,9,9,NYK,Mike Sweetney,Georgetown,4.0,233.0,3610.0,1516.0,1045.0,145.0,0.485,0.0,0.689,15.5,6.5,4.5,0.6,7.8,0.103,-2.7,-0.6
795,2003,10,10,WAS,Jarvis Hayes,Georgia,7.0,427.0,9898.0,3553.0,1330.0,459.0,0.415,0.356,0.798,23.2,8.3,3.1,1.1,10.2,0.049,-2.5,-1.3
796,2003,11,11,GSW,Mickaël Piétrus,nan,10.0,557.0,11950.0,4629.0,1723.0,445.0,0.425,0.355,0.665,21.5,8.3,3.1,0.8,19.7,0.079,-0.9,3.2
797,2003,12,12,SEA,Nick Collison,Kansas,14.0,910.0,18603.0,5359.0,4701.0,939.0,0.534,0.208,0.723,20.4,5.9,5.2,1.0,44.5,0.115,-1.3,3.1
798,2003,13,13,MEM,Marcus Banks,UNLV,8.0,348.0,5571.0,2061.0,519.0,728.0,0.432,0.327,0.768,16.0,5.9,1.5,2.1,6.6,0.057,-2.0,-0.1
799,2003,14,14,SEA,Luke Ridnour,Oregon,12.0,830.0,21623.0,7740.0,1877.0,3713.0,0.431,0.349,0.862,26.1,9.3,2.3,4.5,36.0,0.08,-0.6,7.5
800,2003,15,15,ORL,Reece Gaines,Louisville,3.0,71.0,605.0,123.0,53.0,50.0,0.324,0.269,0.606,8.5,1.7,0.7,0.7,-0.6,-0.049,-6.1,-0.6
801,2003,16,16,BOS,Troy Bell,Boston College,1.0,6.0,34.0,11.0,4.0,4.0,0.222,0.0,1.0,5.7,1.8,0.7,0.7,-0.2,-0.326,-19.6,-0.2
802,2003,17,17,PHO,Žarko Čabarkapa,nan,3.0,150.0,1550.0,640.0,312.0,85.0,0.427,0.273,0.733,10.3,4.3,2.1,0.6,1.1,0.035,-3.9,-0.7
803,2003,18,18,NOH,David West,Xavier,15.0,1034.0,29144.0,14034.0,6590.0,2273.0,0.495,0.265,0.817,28.2,13.6,6.4,2.2,85.9,0.141,1.7,27.6
804,2003,19,19,UTA,Sasha Pavlović,nan,10.0,567.0,8888.0,2787.0,1000.0,517.0,0.404,0.346,0.673,15.7,4.9,1.8,0.9,7.0,0.038,-3.4,-3.1
805,2003,20,20,BOS,Dahntay Jones,Duke,13.0,624.0,9799.0,3353.0,1082.0,529.0,0.439,0.329,0.751,15.7,5.4,1.7,0.8,9.9,0.048,-3.7,-4.1
806,2003,21,21,ATL,Boris Diaw,nan,14.0,1064.0,28768.0,9139.0,4634.0,3684.0,0.493,0.336,0.717,27.0,8.6,4.4,3.5,51.6,0.086,0.1,15.5
807,2003,22,22,NJN,Zoran Planinić,nan,3.0,148.0,1584.0,561.0,198.0,165.0,0.405,0.289,0.677,10.7,3.8,1.3,1.1,1.5,0.046,-3.5,-0.6
808,2003,23,23,POR,Travis Outlaw,nan,11.0,622.0,13026.0,5273.0,1974.0,514.0,0.423,0.337,0.744,20.9,8.5,3.2,0.8,16.5,0.061,-1.4,2.1
809,2003,24,24,LAL,Brian Cook,Illinois,9.0,421.0,5649.0,2312.0,1115.0,252.0,0.439,0.382,0.783,13.4,5.5,2.6,0.6,10.2,0.086,-1.6,0.5
810,2003,25,25,DET,Carlos Delfino,nan,8.0,507.0,11580.0,4115.0,1815.0,887.0,0.401,0.365,0.758,22.8,8.1,3.6,1.7,22.5,0.093,0.5,7.2
811,2003,26,26,MIN,Ndudi Ebi,nan,2.0,19.0,86.0,40.0,19.0,4.0,0.486,0.0,0.462,4.5,2.1,1.0,0.2,0.1,0.051,-3.8,0.0
812,2003,27,27,MEM,Kendrick Perkins,nan,14.0,782.0,17162.0,4214.0,4532.0,813.0,0.53,0.0,0.594,21.9,5.4,5.8,1.0,27.9,0.078,-1.9,0.6
813,2003,28,28,SAS,Leandro Barbosa,nan,14.0,850.0,18386.0,9035.0,1720.0,1775.0,0.459,0.387,0.821,21.6,10.6,2.0,2.1,37.4,0.098,-0.2,8.6
814,2003,29,29,DAL,Josh Howard,Wake Forest,10.0,507.0,15350.0,7270.0,2886.0,817.0,0.448,0.332,0.77,30.3,14.3,5.7,1.6,38.0,0.119,0.6,10.0
815,2003,30,30,NYK,Maciej Lampe,nan,3.0,64.0,632.0,215.0,142.0,22.0,0.407,0.25,0.676,9.9,3.4,2.2,0.3,-0.2,-0.014,-7.0,-0.8
816,2003,31,31,CLE,Jason Kapono,UCLA,9.0,509.0,9068.0,3398.0,844.0,417.0,0.442,0.434,0.835,17.8,6.7,1.7,0.8,10.3,0.055,-2.6,-1.3
817,2003,32,32,LAL,Luke Walton,Arizona,10.0,564.0,9685.0,2649.0,1588.0,1317.0,0.429,0.326,0.715,17.2,4.7,2.8,2.3,13.5,0.067,-1.0,2.5
818,2003,33,33,MIA,Jerome Beasley,University of North Dakota,1.0,2.0,5.0,2.0,1.0,0.0,0.333,,,2.5,1.0,0.5,0.0,0.0,-0.117,-5.2,0.0
819,2003,34,34,LAC,Sofoklis Schortsanitis,nan,,,,,,,,,,,,,,,,,
820,2003,35,35,MIL,Szymon Szewczyk,nan,,,,,,,,,,,,,,,,,
821,2003,36,36,CHI,Mario Austin,Mississippi State,,,,,,,,,,,,,,,,,
822,2003,37,37,ATL,Travis Hansen,BYU,1.0,41.0,507.0,123.0,70.0,19.0,0.354,0.3,0.815,12.4,3.0,1.7,0.5,0.2,0.019,-6.2,-0.5
823,2003,38,38,WAS,Steve Blake,Maryland,13.0,870.0,20823.0,5662.0,1816.0,3446.0,0.401,0.383,0.779,23.9,6.5,2.1,4.0,29.1,0.067,-1.2,4.2
824,2003,39,39,NYK,Slavko Vraneš,nan,1.0,1.0,3.0,0.0,0.0,0.0,0.0,,,3.0,0.0,0.0,0.0,0.0,-0.371,-26.2,0.0
825,2003,40,40,GSW,Derrick Zimmerman,Mississippi State,1.0,2.0,32.0,4.0,4.0,7.0,0.667,,,16.0,2.0,2.0,3.5,0.0,0.004,-10.4,-0.1
826,2003,41,41,SEA,Willie Green,Detroit Mercy,12.0,731.0,14783.0,6059.0,1303.0,1018.0,0.425,0.346,0.765,20.2,8.3,1.8,1.4,12.9,0.042,-2.7,-2.7
827,2003,42,42,ORL,Zaza Pachulia,nan,16.0,1098.0,22240.0,7414.0,6315.0,1433.0,0.469,0.0,0.751,20.3,6.8,5.8,1.3,52.7,0.114,-1.5,2.9
828,2003,43,43,MIL,Keith Bogans,Kentucky,11.0,671.0,14527.0,4257.0,1817.0,866.0,0.394,0.353,0.716,21.6,6.3,2.7,1.3,20.4,0.068,-1.5,1.9
829,2003,44,44,HOU,Malick Badiane,nan,,,,,,,,,,,,,,,,,
830,2003,45,45,CHI,Matt Bonner,Florida,12.0,792.0,13356.0,4632.0,2371.0,552.0,0.464,0.414,0.78,16.9,5.8,3.0,0.7,38.5,0.138,1.0,10.1
831,2003,46,46,DEN,Sani Bečirovič,nan,,,,,,,,,,,,,,,,,
832,2003,47,47,UTA,Mo Williams,Alabama,13.0,818.0,23872.0,10759.0,2264.0,3990.0,0.434,0.378,0.871,29.2,13.2,2.8,4.9,40.0,0.08,-0.3,10.0
833,2003,48,48,NOH,James Lang,nan,1.0,11.0,55.0,11.0,11.0,2.0,0.444,,0.6,5.0,1.0,1.0,0.2,0.1,0.047,-6.4,-0.1
834,2003,49,49,IND,James Jones,Miami (FL),14.0,709.0,11098.0,3717.0,1276.0,366.0,0.401,0.401,0.84,15.7,5.2,1.8,0.5,25.2,0.109,-0.1,5.4
835,2003,50,50,PHI,Paccelis Morlende,nan,,,,,,,,,,,,,,,,,
836,2003,51,51,NJN,Kyle Korver,Creighton,17.0,1232.0,31183.0,11953.0,3643.0,2114.0,0.442,0.429,0.877,25.3,9.7,3.0,1.7,73.4,0.113,0.6,20.7
837,2003,52,52,TOR,Remon van de Hare,nan,,,,,,,,,,,,,,,,,
838,2003,53,53,CHI,Tommy Smith,Arizona State,,,,,,,,,,,,,,,,,
839,2003,54,54,POR,Nedžad Sinanović,nan,,,,,,,,,,,,,,,,,
840,2003,55,55,MIN,Rick Rickert,Minnesota,,,,,,,,,,,,,,,,,
841,2003,56,56,BOS,Brandon Hunter,Ohio University,2.0,67.0,630.0,220.0,187.0,22.0,0.476,0.0,0.488,9.4,3.3,2.8,0.3,0.7,0.055,-3.7,-0.3
842,2003,57,57,DAL,Xue Yuyang,nan,,,,,,,,,,,,,,,,,
843,2003,58,58,DET,Andreas Glyniadakis,nan,1.0,13.0,81.0,17.0,8.0,1.0,0.471,,0.5,6.2,1.3,0.6,0.1,-0.2,-0.143,-14.0,-0.2
844,2004,1,1,ORL,Dwight Howard,nan,18.0,1242.0,39457.0,19485.0,14627.0,1676.0,0.587,0.214,0.567,31.8,15.7,11.8,1.3,141.7,0.172,1.9,39.0
845,2004,2,2,CHA,Emeka Okafor,UConn,10.0,616.0,19055.0,7370.0,5967.0,520.0,0.512,0.0,0.586,30.9,12.0,9.7,0.8,45.3,0.114,-0.6,6.8
846,2004,3,3,CHI,Ben Gordon,UConn,11.0,744.0,20366.0,11084.0,1851.0,1868.0,0.432,0.401,0.857,27.4,14.9,2.5,2.5,33.3,0.078,-0.3,8.7
847,2004,4,4,LAC,Shaun Livingston,nan,14.0,833.0,17188.0,5231.0,1989.0,2483.0,0.486,0.178,0.794,20.6,6.3,2.4,3.0,29.9,0.084,-1.0,4.3
848,2004,5,5,WAS,Devin Harris,Wisconsin,15.0,985.0,23963.0,10597.0,2151.0,3869.0,0.432,0.325,0.796,24.3,10.8,2.2,3.9,54.9,0.11,0.6,15.5
849,2004,6,6,ATL,Josh Childress,Stanford,8.0,391.0,10432.0,3548.0,1850.0,609.0,0.522,0.329,0.779,26.7,9.1,4.7,1.6,25.7,0.118,0.8,7.4
850,2004,7,7,PHO,Luol Deng,Duke,15.0,902.0,30941.0,13361.0,5468.0,2042.0,0.456,0.332,0.769,34.3,14.8,6.1,2.3,74.0,0.115,0.9,22.9
851,2004,8,8,TOR,Rafael Araújo,BYU,3.0,139.0,1585.0,389.0,395.0,41.0,0.405,0.25,0.679,11.4,2.8,2.8,0.3,-0.4,-0.013,-7.2,-2.1
852,2004,9,9,PHI,Andre Iguodala,Arizona,18.0,1223.0,39394.0,13951.0,6030.0,5128.0,0.463,0.33,0.709,32.2,11.4,4.9,4.2,100.3,0.122,2.2,41.3
853,2004,10,10,CLE,Luke Jackson,Oregon,4.0,73.0,724.0,252.0,89.0,58.0,0.357,0.36,0.732,9.9,3.5,1.2,0.8,0.2,0.01,-3.7,-0.3
854,2004,11,11,GSW,Andris Biedriņš,nan,10.0,516.0,11146.0,3247.0,3631.0,467.0,0.594,0.0,0.5,21.6,6.3,7.0,0.9,30.7,0.132,-0.4,4.6
855,2004,12,12,SEA,Robert Swift,nan,4.0,97.0,1500.0,416.0,376.0,20.0,0.506,,0.61,15.5,4.3,3.9,0.2,1.7,0.054,-3.8,-0.7
856,2004,13,13,POR,Sebastian Telfair,nan,10.0,564.0,12149.0,4183.0,898.0,1960.0,0.39,0.319,0.777,21.5,7.4,1.6,3.5,5.0,0.02,-3.4,-4.2
857,2004,14,14,UTA,Kris Humphries,Minnesota,13.0,800.0,14232.0,5350.0,4314.0,556.0,0.463,0.293,0.7,17.8,6.7,5.4,0.7,30.3,0.102,-1.7,1.2
858,2004,15,15,BOS,Al Jefferson,nan,14.0,915.0,26299.0,14343.0,7690.0,1347.0,0.499,0.121,0.711,28.7,15.7,8.4,1.5,71.0,0.13,1.2,21.3
859,2004,16,16,UTA,Kirk Snyder,Nevada,4.0,211.0,3540.0,1333.0,491.0,241.0,0.438,0.327,0.699,16.8,6.3,2.3,1.1,4.5,0.061,-1.2,0.7
860,2004,17,17,ATL,Josh Smith,nan,13.0,894.0,29000.0,12996.0,6653.0,2789.0,0.452,0.285,0.632,32.4,14.5,7.4,3.1,51.0,0.084,1.7,27.2
861,2004,18,18,NOH,J.R. Smith,nan,16.0,977.0,26275.0,12148.0,3073.0,2077.0,0.419,0.373,0.733,26.9,12.4,3.1,2.1,46.3,0.084,0.2,14.7
862,2004,19,19,MIA,Dorell Wright,nan,11.0,549.0,12280.0,4597.0,2093.0,850.0,0.424,0.365,0.806,22.4,8.4,3.8,1.5,25.9,0.101,0.9,9.1
863,2004,20,20,DEN,Jameer Nelson,Saint Joseph's,14.0,878.0,24539.0,9940.0,2595.0,4508.0,0.436,0.368,0.81,27.9,11.3,3.0,5.1,48.3,0.094,-0.1,11.6
864,2004,21,21,UTA,Pavel Podkolzin,nan,2.0,6.0,28.0,4.0,9.0,0.0,0.0,,0.5,4.7,0.7,1.5,0.0,-0.1,-0.163,-15.0,-0.1
865,2004,22,22,NJN,Viktor Khryapa,nan,4.0,143.0,2351.0,643.0,492.0,142.0,0.443,0.292,0.658,16.4,4.5,3.4,1.0,2.0,0.041,-3.5,-0.9
866,2004,23,23,POR,Sergei Monia,nan,1.0,26.0,343.0,77.0,52.0,19.0,0.333,0.265,0.714,13.2,3.0,2.0,0.7,-0.2,-0.025,-5.3,-0.3
867,2004,24,24,BOS,Delonte West,Saint Joseph's,8.0,432.0,11842.0,4198.0,1265.0,1540.0,0.448,0.372,0.826,27.4,9.7,2.9,3.6,24.5,0.099,0.9,8.7
868,2004,25,25,BOS,Tony Allen,Oklahoma State,14.0,820.0,18055.0,6654.0,2884.0,1077.0,0.475,0.282,0.709,22.0,8.1,3.5,1.3,38.7,0.103,0.3,10.4
869,2004,26,26,SAC,Kevin Martin,Western Carolina University,12.0,714.0,21559.0,12396.0,2278.0,1352.0,0.437,0.384,0.87,30.2,17.4,3.2,1.9,61.3,0.137,1.0,16.1
870,2004,27,27,LAL,Sasha Vujačić,nan,10.0,581.0,8908.0,3094.0,1093.0,748.0,0.39,0.367,0.858,15.3,5.3,1.9,1.3,16.0,0.086,-1.0,2.3
871,2004,28,28,SAS,Beno Udrih,nan,13.0,831.0,18185.0,6952.0,1712.0,2858.0,0.463,0.349,0.833,21.9,8.4,2.1,3.4,31.4,0.083,-0.9,4.9
872,2004,29,29,IND,David Harrison,Colorado,4.0,189.0,2686.0,949.0,549.0,47.0,0.53,,0.525,14.2,5.0,2.9,0.2,3.2,0.057,-4.4,-1.7
873,2004,30,30,ORL,Anderson Varejão,nan,14.0,632.0,15087.0,4574.0,4531.0,737.0,0.509,0.023,0.63,23.9,7.2,7.2,1.2,46.4,0.148,0.3,8.8
874,2004,31,31,CHI,Jackson Vroman,Iowa State,2.0,87.0,1111.0,285.0,261.0,51.0,0.408,0.0,0.58,12.8,3.3,3.0,0.6,0.0,0.001,-5.1,-0.9
875,2004,32,32,WAS,Peter John Ramos,nan,1.0,6.0,20.0,11.0,4.0,0.0,0.5,,0.5,3.3,1.8,0.7,0.0,0.0,-0.108,-10.0,0.0
876,2004,33,33,LAC,Lionel Chalmers,Xavier,1.0,36.0,433.0,111.0,31.0,51.0,0.336,0.245,0.625,12.0,3.1,0.9,1.4,-0.2,-0.025,-5.3,-0.4
877,2004,34,34,ATL,Donta Smith,Southeastern Illinois College,2.0,61.0,560.0,165.0,66.0,48.0,0.421,0.308,0.65,9.2,2.7,1.1,0.8,0.5,0.043,-3.2,-0.2
878,2004,35,35,SEA,Andre Emmett,Texas Tech,2.0,14.0,73.0,20.0,8.0,1.0,0.462,0.0,0.615,5.2,1.4,0.6,0.1,0.1,0.04,-5.5,-0.1
879,2004,36,36,ORL,Antonio Burks,Memphis,2.0,81.0,789.0,186.0,49.0,104.0,0.387,0.235,0.571,9.7,2.3,0.6,1.3,0.1,0.004,-5.0,-0.6
880,2004,37,37,ATL,Royal Ivey,Texas,10.0,492.0,6162.0,1641.0,557.0,501.0,0.406,0.361,0.706,12.5,3.3,1.1,1.0,4.5,0.035,-3.8,-2.7
881,2004,38,38,CHI,Chris Duhon,Duke,9.0,606.0,15526.0,3946.0,1364.0,2690.0,0.393,0.363,0.784,25.6,6.5,2.3,4.4,25.0,0.077,-1.2,3.2
882,2004,39,39,TOR,Albert Miralles,nan,,,,,,,,,,,,,,,,,
883,2004,40,40,BOS,Justin Reed,Ole Miss,3.0,136.0,1436.0,472.0,186.0,68.0,0.404,0.0,0.752,10.6,3.5,1.4,0.5,0.5,0.016,-5.9,-1.4
884,2004,41,41,SEA,David Young,NC Central,,,,,,,,,,,,,,,,,
885,2004,42,42,ATL,Viktor Sanikidze,nan,,,,,,,,,,,,,,,,,
886,2004,43,43,NYK,Trevor Ariza,UCLA,18.0,1118.0,32953.0,11593.0,5356.0,2379.0,0.422,0.351,0.731,29.5,10.4,4.8,2.1,64.3,0.094,0.6,21.8
887,2004,44,44,NOH,Tim Pickett,Florida State,,,,,,,,,,,,,,,,,
888,2004,45,45,CHA,Bernard Robinson,Michigan,3.0,128.0,1909.0,576.0,315.0,126.0,0.417,0.161,0.786,14.9,4.5,2.5,1.0,2.0,0.049,-2.0,0.0
889,2004,46,46,POR,Ha Seung-Jin,nan,2.0,46.0,316.0,70.0,67.0,3.0,0.519,,0.5,6.9,1.5,1.5,0.1,-0.2,-0.029,-8.8,-0.5
890,2004,47,47,MIA,Pape Sow,Cal State Fullerton,3.0,76.0,879.0,219.0,214.0,12.0,0.416,,0.678,11.6,2.9,2.8,0.2,0.8,0.044,-5.7,-0.8
891,2004,48,48,SAC,Ricky Minard,Morehead State University,,,,,,,,,,,,,,,,,
892,2004,49,49,MEM,Sergei Lishouk,nan,,,,,,,,,,,,,,,,,
893,2004,50,50,DAL,Vassilis Spanoulis,nan,1.0,31.0,272.0,85.0,22.0,28.0,0.319,0.172,0.81,8.8,2.7,0.7,0.9,-0.1,-0.01,-5.9,-0.3
894,2004,51,51,NJN,Christian Drejer,Florida,,,,,,,,,,,,,,,,,
895,2004,52,52,SAS,Romain Sato,Xavier,,,,,,,,,,,,,,,,,
896,2004,53,53,MIA,Matt Freije,Vanderbilt,2.0,42.0,588.0,133.0,85.0,27.0,0.293,0.224,0.714,14.0,3.2,2.0,0.6,-0.6,-0.047,-6.0,-0.6
897,2004,54,54,DET,Rickey Paulding,Missouri,,,,,,,,,,,,,,,,,
898,2004,55,55,HOU,Luis Flores,Manhattan College,1.0,16.0,77.0,35.0,3.0,11.0,0.483,0.5,1.0,4.8,2.2,0.2,0.7,0.0,-0.02,-4.8,0.0
899,2004,56,56,LAL,Marcus Douthit,Providence,,,,,,,,,,,,,,,,,
900,2004,57,57,SAS,Sergei Karaulov,nan,,,,,,,,,,,,,,,,,
901,2004,58,58,MIN,Blake Stepp,Gonzaga,,,,,,,,,,,,,,,,,
902,2004,59,59,IND,Rashad Wright,Georgia,,,,,,,,,,,,,,,,,
903,2005,1,1,MIL,Andrew Bogut,Utah,14.0,706.0,19862.0,6808.0,6112.0,1546.0,0.535,0.12,0.557,28.1,9.6,8.7,2.2,50.6,0.122,1.2,16.0
904,2005,2,2,ATL,Marvin Williams,UNC,15.0,1072.0,30159.0,10965.0,5546.0,1373.0,0.443,0.361,0.808,28.1,10.2,5.2,1.3,65.1,0.104,-0.4,12.3
905,2005,3,3,UTA,Deron Williams,Illinois,12.0,845.0,28865.0,13804.0,2619.0,6819.0,0.445,0.357,0.822,34.2,16.3,3.1,8.1,77.3,0.129,1.9,28.3
906,2005,4,4,NOH,Chris Paul,Wake Forest,17.0,1155.0,39896.0,20936.0,5206.0,10977.0,0.473,0.369,0.871,34.5,18.1,4.5,9.5,198.9,0.239,7.3,93.7
907,2005,5,5,CHA,Raymond Felton,UNC,14.0,971.0,28829.0,10853.0,2867.0,5096.0,0.412,0.329,0.79,29.7,11.2,3.0,5.2,40.2,0.067,-0.6,10.1
908,2005,6,6,POR,Martell Webster,nan,10.0,580.0,13914.0,5056.0,1811.0,588.0,0.418,0.382,0.791,24.0,8.7,3.1,1.0,24.7,0.085,-0.8,4.3
909,2005,7,7,TOR,Charlie Villanueva,UConn,11.0,656.0,13578.0,6808.0,3019.0,549.0,0.435,0.341,0.772,20.7,10.4,4.6,0.8,22.6,0.08,-0.6,4.7
910,2005,8,8,NYK,Channing Frye,Arizona,13.0,890.0,19772.0,7786.0,4002.0,864.0,0.44,0.388,0.822,22.2,8.7,4.5,1.0,38.9,0.094,-0.4,8.0
911,2005,9,9,GSW,Ike Diogu,Arizona State,6.0,225.0,2795.0,1348.0,689.0,69.0,0.509,0.5,0.786,12.4,6.0,3.1,0.3,6.5,0.112,-3.0,-0.7
912,2005,10,10,LAL,Andrew Bynum,nan,8.0,418.0,10690.0,4822.0,3221.0,490.0,0.556,0.111,0.69,25.6,11.5,7.7,1.2,37.4,0.168,1.4,9.1
913,2005,11,11,ORL,Fran Vázquez,nan,,,,,,,,,,,,,,,,,
914,2005,12,12,LAC,Yaroslav Korolev,nan,2.0,34.0,168.0,39.0,16.0,13.0,0.283,0.25,0.625,4.9,1.1,0.5,0.4,-0.1,-0.024,-5.2,-0.1
915,2005,13,13,CHA,Sean May,UNC,4.0,119.0,1868.0,821.0,481.0,115.0,0.458,0.231,0.746,15.7,6.9,4.0,1.0,2.6,0.068,-1.7,0.2
916,2005,14,14,MIN,Rashad McCants,UNC,4.0,249.0,5037.0,2479.0,506.0,331.0,0.431,0.368,0.741,20.2,10.0,2.0,1.3,3.6,0.035,-1.7,0.4
917,2005,15,15,NJN,Antoine Wright,Texas A&M,6.0,297.0,5714.0,1614.0,681.0,295.0,0.412,0.304,0.674,19.2,5.4,2.3,1.0,3.1,0.026,-3.7,-2.4
918,2005,16,16,TOR,Joey Graham,Oklahoma State,6.0,377.0,6117.0,2239.0,1058.0,207.0,0.483,0.3,0.815,16.2,5.9,2.8,0.5,7.8,0.061,-3.6,-2.4
919,2005,17,17,IND,Danny Granger,New Mexico,10.0,586.0,18487.0,9855.0,2888.0,1097.0,0.434,0.38,0.848,31.5,16.8,4.9,1.9,48.5,0.126,1.8,17.7
920,2005,18,18,BOS,Gerald Green,nan,12.0,658.0,13026.0,6412.0,1639.0,596.0,0.417,0.361,0.818,19.8,9.7,2.5,0.9,18.4,0.068,-1.3,2.4
921,2005,19,19,MEM,Hakim Warrick,Syracuse,8.0,526.0,10624.0,4947.0,2117.0,400.0,0.49,0.191,0.726,20.2,9.4,4.0,0.8,20.4,0.092,-1.9,0.4
922,2005,20,20,DEN,Julius Hodge,NC State,2.0,23.0,98.0,28.0,15.0,18.0,0.44,,0.5,4.3,1.2,0.7,0.8,0.0,0.003,-3.7,0.0
923,2005,21,21,PHO,Nate Robinson,Washington,11.0,618.0,13878.0,6807.0,1446.0,1826.0,0.423,0.36,0.796,22.5,11.0,2.3,3.0,27.8,0.096,0.5,8.6
924,2005,22,22,DEN,Jarrett Jack,Georgia Tech,13.0,867.0,24140.0,9349.0,2487.0,3952.0,0.44,0.343,0.855,27.8,10.8,2.9,4.6,36.8,0.073,-0.9,6.5
925,2005,23,23,SAC,Francisco García,Louisville,10.0,549.0,11853.0,4323.0,1400.0,747.0,0.427,0.357,0.799,21.6,7.9,2.6,1.4,18.2,0.074,-0.1,5.7
926,2005,24,24,HOU,Luther Head,Illinois,6.0,348.0,7797.0,2842.0,845.0,747.0,0.423,0.388,0.773,22.4,8.2,2.4,2.1,14.7,0.09,0.1,4.2
927,2005,25,25,SEA,Johan Petro,nan,8.0,473.0,7262.0,2202.0,1836.0,227.0,0.462,0.154,0.678,15.4,4.7,3.9,0.5,5.5,0.037,-4.6,-4.6
928,2005,26,26,DET,Jason Maxiell,Cincinnati,10.0,618.0,11379.0,3481.0,2576.0,266.0,0.495,0.0,0.564,18.4,5.6,4.2,0.4,20.3,0.086,-2.5,-1.4
929,2005,27,27,POR,Linas Kleiza,Missouri,7.0,409.0,8185.0,3561.0,1470.0,321.0,0.435,0.335,0.763,20.0,8.7,3.6,0.8,13.6,0.08,-2.3,-0.7
930,2005,28,28,SAS,Ian Mahinmi,nan,12.0,618.0,10353.0,3209.0,2705.0,357.0,0.533,0.16,0.612,16.8,5.2,4.4,0.6,26.1,0.121,-2.0,0.1
931,2005,29,29,MIA,Wayne Simien,Kansas,2.0,51.0,507.0,169.0,99.0,11.0,0.469,,0.854,9.9,3.3,1.9,0.2,0.9,0.083,-4.4,-0.3
932,2005,30,30,NYK,David Lee,Florida,12.0,829.0,24293.0,11232.0,7320.0,1825.0,0.535,0.034,0.772,29.3,13.5,8.8,2.2,76.0,0.15,1.1,19.2
933,2005,31,31,ATL,Salim Stoudamire,Arizona,3.0,157.0,2672.0,1260.0,214.0,164.0,0.407,0.366,0.882,17.0,8.0,1.4,1.0,2.2,0.04,-2.9,-0.6
934,2005,32,32,LAC,Daniel Ewing,Duke,2.0,127.0,1683.0,431.0,158.0,174.0,0.389,0.295,0.78,13.3,3.4,1.2,1.4,0.8,0.024,-3.0,-0.4
935,2005,33,33,NOH,Brandon Bass,LSU,12.0,758.0,16410.0,6575.0,3448.0,608.0,0.499,0.207,0.832,21.6,8.7,4.5,0.8,42.8,0.125,-0.8,5.1
936,2005,34,34,UTA,C.J. Miles,nan,16.0,849.0,17284.0,8108.0,2011.0,914.0,0.411,0.358,0.809,20.4,9.6,2.4,1.1,30.1,0.084,-0.4,6.9
937,2005,35,35,POR,Ricky Sánchez,nan,,,,,,,,,,,,,,,,,
938,2005,36,36,MIL,Ersan İlyasova,nan,13.0,825.0,18957.0,8364.0,4661.0,908.0,0.443,0.367,0.777,23.0,10.1,5.6,1.1,48.8,0.124,-0.1,9.0
939,2005,37,37,LAL,Ronny Turiaf,Gonzaga,10.0,473.0,8020.0,2209.0,1757.0,618.0,0.533,0.0,0.636,17.0,4.7,3.7,1.3,19.2,0.115,0.3,4.7
940,2005,38,38,ORL,Travis Diener,Marquette,5.0,179.0,2660.0,854.0,243.0,432.0,0.388,0.353,0.847,14.9,4.8,1.4,2.4,5.6,0.102,-0.4,1.1
941,2005,39,39,LAL,Von Wafer,Florida State,6.0,200.0,2475.0,1054.0,234.0,146.0,0.42,0.325,0.751,12.4,5.3,1.2,0.7,3.3,0.064,-1.8,0.1
942,2005,40,40,GSW,Monta Ellis,nan,12.0,833.0,29011.0,14858.0,2874.0,3856.0,0.451,0.314,0.772,34.8,17.8,3.5,4.6,41.9,0.069,-0.3,12.4
943,2005,41,41,TOR,Roko Ukić,nan,2.0,85.0,987.0,341.0,78.0,165.0,0.387,0.189,0.746,11.6,4.0,0.9,1.9,-0.2,-0.007,-4.3,-0.6
944,2005,42,42,GSW,Chris Taft,Pitt,1.0,17.0,144.0,47.0,36.0,2.0,0.605,,0.167,8.5,2.8,2.1,0.1,0.5,0.155,-0.7,0.0
945,2005,43,43,NJN,Mile Ilić,nan,1.0,5.0,6.0,0.0,1.0,0.0,0.0,,,1.2,0.0,0.2,0.0,-0.2,-1.264,-52.0,-0.1
946,2005,44,44,ORL,Martynas Andriuškevičius,nan,1.0,6.0,9.0,0.0,4.0,0.0,0.0,,,1.5,0.0,0.7,0.0,0.0,0.155,5.2,0.0
947,2005,45,45,PHI,Lou Williams,nan,17.0,1123.0,27104.0,15593.0,2484.0,3789.0,0.419,0.351,0.842,24.1,13.9,2.2,3.4,65.7,0.116,1.4,23.2
948,2005,46,46,IND,Erazem Lorbek,nan,,,,,,,,,,,,,,,,,
949,2005,47,47,MIN,Bracey Wright,Indiana,2.0,26.0,325.0,129.0,39.0,20.0,0.405,0.324,0.794,12.5,5.0,1.5,0.8,0.5,0.068,-1.6,0.0
950,2005,48,48,SEA,Mickaël Gelabale,nan,3.0,145.0,2348.0,670.0,330.0,115.0,0.47,0.316,0.815,16.2,4.6,2.3,0.8,3.0,0.062,-2.1,0.0
951,2005,49,49,WAS,Andray Blatche,nan,9.0,564.0,12462.0,5706.0,3024.0,798.0,0.467,0.237,0.725,22.1,10.1,5.4,1.4,19.2,0.074,-0.8,3.8
952,2005,50,50,BOS,Ryan Gomes,Providence,8.0,487.0,13463.0,4926.0,2239.0,712.0,0.445,0.349,0.799,27.6,10.1,4.6,1.5,19.4,0.069,-1.6,1.4
953,2005,51,51,UTA,Robert Whaley,Walsh University,1.0,23.0,212.0,49.0,43.0,17.0,0.404,,0.5,9.2,2.1,1.9,0.7,0.0,0.004,-5.1,-0.2
954,2005,52,52,DEN,Axel Hervelle,nan,,,,,,,,,,,,,,,,,
955,2005,53,53,BOS,Orien Greene,Louisiana,4.0,131.0,1555.0,326.0,195.0,155.0,0.387,0.212,0.642,11.9,2.5,1.5,1.2,-0.7,-0.022,-4.6,-1.0
956,2005,54,54,NYK,Dijon Thompson,UCLA,2.0,16.0,93.0,45.0,19.0,3.0,0.425,0.308,0.875,5.8,2.8,1.2,0.2,0.2,0.102,-0.5,0.0
957,2005,55,55,SEA,Lawrence Roberts,Mississippi State,2.0,87.0,1150.0,334.0,310.0,35.0,0.452,0.0,0.688,13.2,3.8,3.6,0.4,2.5,0.106,-1.9,0.0
958,2005,56,56,DET,Amir Johnson,nan,14.0,870.0,18323.0,6102.0,4692.0,1073.0,0.57,0.332,0.673,21.1,7.0,5.4,1.2,55.3,0.145,0.3,10.6
959,2005,57,57,PHO,Marcin Gortat,nan,12.0,806.0,20691.0,7951.0,6407.0,915.0,0.551,0.15,0.68,25.7,9.9,7.9,1.1,61.3,0.142,0.4,12.7
960,2005,58,58,TOR,Uroš Slokar,nan,1.0,20.0,72.0,38.0,14.0,1.0,0.538,0.5,0.692,3.6,1.9,0.7,0.1,0.1,0.042,-5.6,-0.1
961,2005,59,59,ATL,Cenk Akyol,nan,,,,,,,,,,,,,,,,,
962,2005,60,60,DET,Alex Acker,Pepperdine,2.0,30.0,234.0,81.0,29.0,16.0,0.37,0.32,0.5,7.8,2.7,1.0,0.5,-0.2,-0.043,-5.3,-0.2
963,2006,1,1,TOR,Andrea Bargnani,nan,10.0,550.0,15806.0,7873.0,2541.0,653.0,0.439,0.354,0.824,28.7,14.3,4.6,1.2,18.9,0.057,-1.6,1.5
964,2006,2,2,CHI,LaMarcus Aldridge,Texas,16.0,1076.0,36242.0,20558.0,8736.0,2076.0,0.493,0.32,0.813,33.7,19.1,8.1,1.9,115.7,0.153,1.7,33.4
965,2006,3,3,CHA,Adam Morrison,Gonzaga,3.0,161.0,3278.0,1200.0,342.0,222.0,0.373,0.331,0.71,20.4,7.5,2.1,1.4,-1.4,-0.021,-5.0,-2.4
966,2006,4,4,POR,Tyrus Thomas,LSU,8.0,402.0,7932.0,3093.0,1938.0,347.0,0.438,0.235,0.732,19.7,7.7,4.8,0.9,13.0,0.078,-1.2,1.7
967,2006,5,5,ATL,Shelden Williams,Duke,6.0,361.0,5586.0,1618.0,1562.0,163.0,0.462,0.222,0.74,15.5,4.5,4.3,0.5,9.9,0.085,-3.0,-1.5
968,2006,6,6,MIN,Brandon Roy,Washington,6.0,326.0,11561.0,6136.0,1388.0,1517.0,0.459,0.348,0.8,35.5,18.8,4.3,4.7,37.4,0.155,3.6,16.3
969,2006,7,7,BOS,Randy Foye,Villanova,11.0,752.0,19279.0,7729.0,1686.0,2112.0,0.401,0.366,0.852,25.6,10.3,2.2,2.8,23.5,0.058,-1.2,3.8
970,2006,8,8,HOU,Rudy Gay,UConn,16.0,1064.0,33745.0,17349.0,6120.0,2223.0,0.453,0.349,0.799,31.7,16.3,5.8,2.1,60.7,0.086,0.7,22.8
971,2006,9,9,GSW,Patrick O'Bryant,Bradley,4.0,90.0,524.0,186.0,127.0,25.0,0.494,0.0,0.583,5.8,2.1,1.4,0.3,0.5,0.046,-4.6,-0.3
972,2006,10,10,SEA,Mouhamed Sene,nan,3.0,47.0,260.0,103.0,75.0,1.0,0.427,,0.589,5.5,2.2,1.6,0.0,0.3,0.052,-5.1,-0.2
973,2006,11,11,ORL,J.J. Redick,Duke,15.0,940.0,23964.0,12028.0,1903.0,1862.0,0.447,0.415,0.892,25.5,12.8,2.0,2.0,63.7,0.128,0.6,16.0
974,2006,12,12,NOK,Hilton Armstrong,UConn,6.0,292.0,3378.0,880.0,766.0,102.0,0.501,0.286,0.582,11.6,3.0,2.6,0.3,3.9,0.055,-4.1,-1.8
975,2006,13,13,PHI,Thabo Sefolosha,nan,14.0,869.0,19062.0,4994.0,3252.0,1196.0,0.449,0.349,0.732,21.9,5.7,3.7,1.4,39.3,0.099,0.6,12.4
976,2006,14,14,UTA,Ronnie Brewer,Arkansas,8.0,502.0,11539.0,3940.0,1427.0,828.0,0.49,0.254,0.675,23.0,7.8,2.8,1.6,30.4,0.127,1.6,10.6
977,2006,15,15,NOK,Cedric Simmons,NC State,3.0,75.0,705.0,163.0,141.0,14.0,0.409,,0.39,9.4,2.2,1.9,0.2,0.1,0.005,-5.0,-0.5
978,2006,16,16,CHI,Rodney Carney,Memphis,5.0,299.0,4600.0,1778.0,588.0,132.0,0.422,0.338,0.704,15.4,5.9,2.0,0.4,6.2,0.064,-1.6,0.5
979,2006,17,17,IND,Shawne Williams,Memphis,7.0,314.0,5368.0,1769.0,945.0,220.0,0.403,0.339,0.755,17.1,5.6,3.0,0.7,6.7,0.06,-2.2,-0.3
980,2006,18,18,WAS,Oleksiy Pecherov,nan,3.0,111.0,1044.0,438.0,266.0,20.0,0.386,0.29,0.793,9.4,3.9,2.4,0.2,0.5,0.025,-4.8,-0.7
981,2006,19,19,SAC,Quincy Douby,Rutgers University,3.0,143.0,1535.0,588.0,152.0,93.0,0.389,0.312,0.884,10.7,4.1,1.1,0.7,0.0,0.0,-3.5,-0.6
982,2006,20,20,NYK,Renaldo Balkman,South Carolina,6.0,221.0,3064.0,894.0,769.0,132.0,0.51,0.172,0.542,13.9,4.0,3.5,0.6,7.2,0.113,0.1,1.6
983,2006,21,21,PHO,Rajon Rondo,Kentucky,16.0,957.0,28570.0,9337.0,4349.0,7584.0,0.456,0.324,0.611,29.9,9.8,4.5,7.9,61.8,0.104,1.2,23.2
984,2006,22,22,NJN,Marcus Williams,UConn,4.0,203.0,3095.0,1128.0,361.0,574.0,0.386,0.321,0.767,15.2,5.6,1.8,2.8,0.0,-0.001,-3.3,-1.0
985,2006,23,23,NJN,Josh Boone,UConn,4.0,256.0,4482.0,1340.0,1258.0,125.0,0.544,,0.445,17.5,5.2,4.9,0.5,9.1,0.097,-2.0,0.0
986,2006,24,24,MEM,Kyle Lowry,Villanova,16.0,1023.0,32613.0,15116.0,4475.0,6469.0,0.425,0.368,0.813,31.9,14.8,4.4,6.3,104.6,0.154,3.1,41.8
987,2006,25,25,CLE,Shannon Brown,Michigan State,9.0,408.0,7329.0,3118.0,760.0,458.0,0.42,0.332,0.807,18.0,7.6,1.9,1.1,9.2,0.06,-1.5,1.0
988,2006,26,26,LAL,Jordan Farmar,UCLA,10.0,504.0,9840.0,3888.0,958.0,1453.0,0.423,0.374,0.739,19.5,7.7,1.9,2.9,13.9,0.068,-0.5,3.7
989,2006,27,27,PHO,Sergio Rodríguez,nan,5.0,353.0,5281.0,1747.0,525.0,1183.0,0.409,0.337,0.739,15.0,4.9,1.5,3.4,4.3,0.039,-2.0,0.1
990,2006,28,28,DAL,Maurice Ager,Michigan State,4.0,82.0,505.0,169.0,46.0,19.0,0.339,0.25,0.566,6.2,2.1,0.6,0.2,-0.9,-0.089,-9.4,-0.9
991,2006,29,29,NYK,Mardy Collins,Temple,4.0,189.0,2771.0,742.0,336.0,327.0,0.38,0.299,0.599,14.7,3.9,1.8,1.7,-1.6,-0.027,-4.4,-1.7
992,2006,30,30,POR,Joel Freeland,nan,3.0,151.0,1821.0,477.0,518.0,65.0,0.459,0.0,0.728,12.1,3.2,3.4,0.4,3.2,0.084,-3.3,-0.6
993,2006,31,31,POR,James White,Cincinnati,3.0,67.0,583.0,182.0,68.0,35.0,0.438,0.34,0.676,8.7,2.7,1.0,0.5,0.8,0.062,-3.2,-0.2
994,2006,32,32,HOU,Steve Novak,Marquette,11.0,467.0,5657.0,2177.0,591.0,132.0,0.437,0.43,0.877,12.1,4.7,1.3,0.3,14.5,0.123,0.8,4.0
995,2006,33,33,ATL,Solomon Jones,South Florida,8.0,281.0,3092.0,839.0,654.0,99.0,0.467,0.111,0.717,11.0,3.0,2.3,0.4,5.0,0.078,-4.0,-1.6
996,2006,34,34,LAC,Paul Davis,Michigan State,4.0,82.0,702.0,217.0,158.0,32.0,0.402,0.0,0.732,8.6,2.6,1.9,0.4,0.5,0.035,-4.2,-0.4
997,2006,35,35,TOR,P.J. Tucker,Texas,11.0,777.0,22529.0,5536.0,4390.0,1149.0,0.425,0.364,0.748,29.0,7.1,5.6,1.5,40.0,0.085,-0.7,7.2
998,2006,36,36,MIN,Craig Smith,Boston College,6.0,403.0,6826.0,3080.0,1567.0,322.0,0.553,0.037,0.661,16.9,7.6,3.9,0.8,16.0,0.113,-1.2,1.4
999,2006,37,37,MIN,Bobby Jones,Washington,2.0,91.0,867.0,288.0,149.0,44.0,0.442,0.306,0.685,9.5,3.2,1.6,0.5,1.1,0.06,-4.1,-0.5
1000,2006,38,38,GSW,Kosta Perović,nan,1.0,7.0,38.0,10.0,13.0,1.0,0.3,,0.667,5.4,1.4,1.9,0.1,0.0,0.06,-5.9,0.0
1001,2006,39,39,MIL,David Noel,UNC,1.0,68.0,792.0,184.0,123.0,65.0,0.367,0.321,0.86,11.6,2.7,1.8,1.0,0.4,0.024,-3.1,-0.2
1002,2006,40,40,SEA,Denham Brown,UConn,,,,,,,,,,,,,,,,,
1003,2006,41,41,ORL,James Augustine,Illinois,2.0,27.0,156.0,42.0,33.0,4.0,0.514,,0.5,5.8,1.6,1.2,0.1,0.3,0.101,-2.7,0.0
1004,2006,42,42,CLE,Daniel Gibson,Texas,7.0,397.0,9316.0,3115.0,792.0,775.0,0.402,0.407,0.78,23.5,7.8,2.0,2.0,16.0,0.082,-1.0,2.4
1005,2006,43,43,NOK,Marcus Vinicius,nan,2.0,26.0,172.0,50.0,19.0,7.0,0.457,0.421,0.556,6.6,1.9,0.7,0.3,0.2,0.056,-3.0,0.0
1006,2006,44,44,ORL,Lior Eliyahu,nan,,,,,,,,,,,,,,,,,
1007,2006,45,45,IND,Alexander Johnson,Florida State,2.0,102.0,1302.0,439.0,275.0,30.0,0.517,,0.672,12.8,4.3,2.7,0.3,1.5,0.056,-4.6,-0.9
1008,2006,46,46,UTA,Dee Brown,Illinois,2.0,68.0,711.0,140.0,69.0,119.0,0.34,0.25,0.643,10.5,2.1,1.0,1.8,0.1,0.008,-3.0,-0.2
1009,2006,47,47,UTA,Paul Millsap,Louisiana Tech,16.0,1085.0,30499.0,14536.0,7673.0,2378.0,0.489,0.341,0.736,28.1,13.4,7.1,2.2,95.4,0.15,1.9,29.9
1010,2006,48,48,WAS,Vladimir Veremeenko,nan,,,,,,,,,,,,,,,,,
1011,2006,49,49,DEN,Leon Powe,California,5.0,239.0,3320.0,1484.0,911.0,78.0,0.515,0.0,0.682,13.9,6.2,3.8,0.3,12.0,0.174,-1.6,0.3
1012,2006,50,50,CHA,Ryan Hollins,UCLA,10.0,518.0,6134.0,1913.0,1140.0,151.0,0.584,0.0,0.649,11.8,3.7,2.2,0.3,10.4,0.081,-4.1,-3.2
1013,2006,51,51,LAL,Cheikh Samb,nan,2.0,22.0,114.0,22.0,31.0,1.0,0.25,0.0,0.444,5.2,1.0,1.4,0.0,-0.1,-0.056,-9.1,-0.2
1014,2006,52,52,LAC,Guillermo Díaz,Miami (FL),1.0,6.0,18.0,5.0,2.0,1.0,0.25,0.0,0.6,3.0,0.8,0.3,0.2,0.0,0.033,-2.9,0.0
1015,2006,53,53,SEA,Yotam Halperin,nan,,,,,,,,,,,,,,,,,
1016,2006,54,54,NJN,Hassan Adams,Arizona,2.0,73.0,547.0,185.0,84.0,14.0,0.534,0.0,0.643,7.5,2.5,1.2,0.2,0.8,0.072,-2.3,0.0
1017,2006,55,55,CLE,Ejike Ugboaja,nan,,,,,,,,,,,,,,,,,
1018,2006,56,56,TOR,Edin Bavčić,nan,,,,,,,,,,,,,,,,,
1019,2006,57,57,MIN,Loukas Mavrokefalidis,nan,,,,,,,,,,,,,,,,,
1020,2006,58,58,DAL,J.R. Pinnock,George Washington,,,,,,,,,,,,,,,,,
1021,2006,59,59,SAS,Damir Markota,nan,1.0,30.0,170.0,51.0,31.0,6.0,0.365,0.375,0.636,5.7,1.7,1.0,0.2,-0.2,-0.07,-8.5,-0.3
1022,2006,60,60,DET,Will Blalock,Iowa State,1.0,14.0,166.0,25.0,15.0,17.0,0.3,0.2,1.0,11.9,1.8,1.1,1.2,-0.1,-0.032,-5.8,-0.2
1023,2007,1,1,POR,Greg Oden,Ohio State,3.0,105.0,2028.0,840.0,656.0,51.0,0.574,,0.658,19.3,8.0,6.2,0.5,7.3,0.174,-0.4,0.8
1024,2007,2,2,SEA,Kevin Durant,Texas,14.0,939.0,34509.0,25526.0,6646.0,4032.0,0.496,0.384,0.884,36.8,27.2,7.1,4.3,155.2,0.216,6.8,76.4
1025,2007,3,3,ATL,Al Horford,Florida,15.0,950.0,30597.0,12989.0,7771.0,3144.0,0.515,0.36,0.759,32.2,13.7,8.2,3.3,100.3,0.157,2.9,37.9
1026,2007,4,4,MEM,Mike Conley,Ohio State,15.0,958.0,30619.0,14221.0,2872.0,5407.0,0.439,0.382,0.82,32.0,14.8,3.0,5.6,86.8,0.136,2.5,34.8
1027,2007,5,5,BOS,Jeff Green,Georgetown,14.0,1051.0,30463.0,13295.0,4502.0,1625.0,0.448,0.339,0.806,29.0,12.6,4.3,1.5,50.3,0.079,-1.4,4.8
1028,2007,6,6,MIL,Yi Jianlian,nan,5.0,272.0,6038.0,2148.0,1339.0,192.0,0.404,0.333,0.78,22.2,7.9,4.9,0.7,3.1,0.025,-4.3,-3.5
1029,2007,7,7,MIN,Corey Brewer,Florida,13.0,819.0,18771.0,7097.0,2287.0,1250.0,0.425,0.284,0.713,22.9,8.7,2.8,1.5,22.5,0.058,-1.6,2.0
1030,2007,8,8,CHA,Brandan Wright,UNC,10.0,428.0,6949.0,2976.0,1560.0,199.0,0.607,0.0,0.674,16.2,7.0,3.6,0.5,26.2,0.181,2.3,7.5
1031,2007,9,9,CHI,Joakim Noah,Florida,13.0,672.0,18646.0,5881.0,6058.0,1907.0,0.491,0.0,0.7,27.7,8.8,9.0,2.8,61.9,0.159,2.5,20.9
1032,2007,10,10,SAC,Spencer Hawes,Washington,10.0,684.0,15541.0,5932.0,3893.0,1271.0,0.457,0.35,0.716,22.7,8.7,5.7,1.9,22.6,0.07,-1.1,3.4
1033,2007,11,11,ATL,Acie Law,Texas A&M,4.0,188.0,2385.0,725.0,195.0,309.0,0.413,0.235,0.778,12.7,3.9,1.0,1.6,1.6,0.032,-3.9,-1.1
1034,2007,12,12,PHI,Thaddeus Young,Georgia Tech,15.0,1085.0,31778.0,13848.0,6345.0,2003.0,0.502,0.332,0.663,29.3,12.8,5.8,1.8,68.9,0.104,0.5,20.0
1035,2007,13,13,NOK,Julian Wright,Kansas,4.0,231.0,3049.0,907.0,531.0,182.0,0.499,0.262,0.584,13.2,3.9,2.3,0.8,3.9,0.061,-0.5,1.2
1036,2007,14,14,LAC,Al Thornton,Florida State,4.0,296.0,8274.0,3527.0,1233.0,353.0,0.452,0.293,0.747,28.0,11.9,4.2,1.2,6.1,0.035,-3.5,-3.2
1037,2007,15,15,DET,Rodney Stuckey,Eastern Washington,10.0,651.0,17890.0,8185.0,1912.0,2333.0,0.423,0.3,0.824,27.5,12.6,2.9,3.6,28.7,0.077,-0.9,4.9
1038,2007,16,16,WAS,Nick Young,USC,12.0,720.0,16419.0,8194.0,1427.0,687.0,0.418,0.376,0.836,22.8,11.4,2.0,1.0,18.6,0.054,-2.2,-0.8
1039,2007,17,17,NJN,Sean Williams,Boston College,4.0,137.0,1978.0,581.0,472.0,47.0,0.511,0.0,0.624,14.4,4.2,3.4,0.3,3.0,0.073,-3.1,-0.6
1040,2007,18,18,GSW,Marco Belinelli,nan,13.0,860.0,19548.0,8370.0,1769.0,1429.0,0.424,0.376,0.846,22.7,9.7,2.1,1.7,30.5,0.075,-1.3,3.3
1041,2007,19,19,LAL,Javaris Crittenton,Georgia Tech,2.0,113.0,1853.0,595.0,276.0,201.0,0.442,0.231,0.638,16.4,5.3,2.4,1.8,0.1,0.002,-4.2,-1.0
1042,2007,20,20,MIA,Jason Smith,Colorado State,11.0,616.0,10029.0,3777.0,2075.0,453.0,0.468,0.333,0.783,16.3,6.1,3.4,0.7,14.1,0.067,-2.9,-2.4
1043,2007,21,21,PHI,Daequan Cook,Ohio State,6.0,328.0,5993.0,2114.0,703.0,243.0,0.369,0.359,0.813,18.3,6.4,2.1,0.7,4.9,0.039,-2.7,-1.1
1044,2007,22,22,CHA,Jared Dudley,Boston College,14.0,904.0,20117.0,6633.0,2849.0,1394.0,0.463,0.393,0.732,22.3,7.3,3.2,1.5,43.0,0.103,0.2,11.0
1045,2007,23,23,NYK,Wilson Chandler,DePaul,12.0,676.0,20287.0,8463.0,3574.0,1205.0,0.443,0.341,0.77,30.0,12.5,5.3,1.8,29.0,0.069,-1.3,3.5
1046,2007,24,24,PHO,Rudy Fernández,nan,4.0,249.0,5965.0,2254.0,608.0,554.0,0.399,0.36,0.84,24.0,9.1,2.4,2.2,14.2,0.114,1.7,5.6
1047,2007,25,25,UTA,Morris Almond,Rice University,3.0,38.0,361.0,119.0,46.0,12.0,0.381,0.292,0.743,9.5,3.1,1.2,0.3,0.0,0.005,-6.1,-0.4
1048,2007,26,26,HOU,Aaron Brooks,Oregon,10.0,645.0,13439.0,6259.0,1079.0,1925.0,0.413,0.37,0.837,20.8,9.7,1.7,3.0,19.2,0.069,-1.2,2.7
1049,2007,27,27,DET,Arron Afflalo,UCLA,11.0,762.0,20829.0,8198.0,2176.0,1386.0,0.45,0.386,0.825,27.3,10.8,2.9,1.8,33.5,0.077,-1.5,2.4
1050,2007,28,28,SAS,Tiago Splitter,nan,7.0,355.0,6812.0,2816.0,1779.0,423.0,0.555,0.143,0.697,19.2,7.9,5.0,1.2,25.3,0.178,1.1,5.4
1051,2007,29,29,PHO,Alando Tucker,Wisconsin,3.0,51.0,426.0,211.0,49.0,16.0,0.423,0.294,0.783,8.4,4.1,1.0,0.3,0.4,0.045,-4.5,-0.3
1052,2007,30,30,PHI,Petteri Koponen,nan,,,,,,,,,,,,,,,,,
1053,2007,31,31,SEA,Carl Landry,Purdue,9.0,513.0,11524.0,5541.0,2533.0,355.0,0.535,0.3,0.785,22.5,10.8,4.9,0.7,35.9,0.149,-0.3,5.0
1054,2007,32,32,BOS,Gabe Pruitt,USC,2.0,62.0,461.0,125.0,51.0,52.0,0.321,0.283,0.783,7.4,2.0,0.8,0.8,0.4,0.043,-2.8,-0.1
1055,2007,33,33,SAS,Marcus Williams,Arizona,2.0,13.0,39.0,14.0,12.0,3.0,0.318,,,3.0,1.1,0.9,0.2,-0.1,-0.084,-5.4,0.0
1056,2007,34,34,DAL,Nick Fazekas,Nevada,1.0,26.0,269.0,107.0,89.0,11.0,0.561,0.0,0.682,10.3,4.1,3.4,0.4,0.8,0.148,0.5,0.2
1057,2007,35,35,SEA,Glen Davis,LSU,8.0,514.0,10865.0,4111.0,2236.0,457.0,0.447,0.182,0.7,21.1,8.0,4.4,0.9,18.6,0.082,-2.6,-1.7
1058,2007,36,36,GSW,Jermareo Davidson,Alabama,2.0,52.0,433.0,162.0,96.0,14.0,0.425,,0.578,8.3,3.1,1.8,0.3,0.0,0.0,-5.2,-0.3
1059,2007,37,37,POR,Josh McRoberts,Duke,11.0,433.0,8271.0,2333.0,1686.0,901.0,0.463,0.34,0.705,19.1,5.4,3.9,2.1,18.5,0.107,0.3,4.7
1060,2007,38,38,PHI,Kyrylo Fesenko,nan,5.0,135.0,1107.0,305.0,269.0,40.0,0.496,0.0,0.41,8.2,2.3,2.0,0.3,0.9,0.038,-5.7,-1.1
1061,2007,39,39,MIA,Stanko Barać,nan,,,,,,,,,,,,,,,,,
1062,2007,40,40,LAL,Sun Yue,nan,1.0,10.0,28.0,6.0,0.0,2.0,0.273,0.0,,2.8,0.6,0.0,0.2,-0.1,-0.226,-19.4,-0.1
1063,2007,41,41,MIN,Chris Richard,Florida,2.0,70.0,780.0,135.0,194.0,25.0,0.483,,0.605,11.1,1.9,2.8,0.4,0.7,0.045,-5.7,-0.7
1064,2007,42,42,POR,Derrick Byars,Vanderbilt,1.0,2.0,37.0,10.0,11.0,1.0,0.273,0.0,1.0,18.5,5.0,5.5,0.5,0.1,0.147,-4.7,0.0
1065,2007,43,43,NOK,Adam Haluska,Iowa,,,,,,,,,,,,,,,,,
1066,2007,44,44,ORL,Reyshawn Terry,UNC,,,,,,,,,,,,,,,,,
1067,2007,45,45,LAC,Jared Jordan,Marist College,,,,,,,,,,,,,,,,,
1068,2007,46,46,GSW,Stéphane Lasme,UMass,1.0,16.0,303.0,83.0,53.0,3.0,0.451,,0.594,18.9,5.2,3.3,0.2,0.3,0.041,-4.4,-0.2
1069,2007,47,47,WAS,Dominic McGuire,Fresno State,6.0,342.0,5348.0,939.0,1169.0,422.0,0.419,0.188,0.658,15.6,2.7,3.4,1.2,4.1,0.037,-2.1,-0.1
1070,2007,48,48,LAL,Marc Gasol,nan,13.0,891.0,28719.0,12514.0,6604.0,2996.0,0.481,0.36,0.776,32.2,14.0,7.4,3.4,85.3,0.143,3.1,36.5
1071,2007,49,49,CHI,Aaron Gray,Pitt,7.0,318.0,3851.0,1066.0,1190.0,207.0,0.509,0.0,0.562,12.1,3.4,3.7,0.7,6.2,0.077,-3.6,-1.5
1072,2007,50,50,DAL,Renaldas Seibutis,nan,,,,,,,,,,,,,,,,,
1073,2007,51,51,CHI,JamesOn Curry,Oklahoma State,1.0,1.0,0.0,0.0,0.0,0.0,,,,0.0,0.0,0.0,0.0,0.0,,,0.0
1074,2007,52,52,POR,Taurean Green,Florida,1.0,17.0,74.0,27.0,10.0,11.0,0.28,0.182,0.917,4.4,1.6,0.6,0.6,-0.1,-0.066,-7.5,-0.1
1075,2007,53,53,POR,Demetris Nichols,Syracuse,2.0,18.0,58.0,22.0,7.0,2.0,0.281,0.2,0.5,3.2,1.2,0.4,0.1,-0.2,-0.203,-10.3,-0.1
1076,2007,54,54,HOU,Brad Newley,nan,,,,,,,,,,,,,,,,,
1077,2007,55,55,UTA,Herbert Hill,Providence,,,,,,,,,,,,,,,,,
1078,2007,56,56,MIL,Ramon Sessions,Nevada,11.0,691.0,16119.0,7141.0,1840.0,2807.0,0.434,0.316,0.791,23.3,10.3,2.7,4.1,28.8,0.086,-0.7,5.2
1079,2007,57,57,DET,Sammy Mejia,DePaul,,,,,,,,,,,,,,,,,
1080,2007,58,58,SAS,Georgios Printezis,nan,,,,,,,,,,,,,,,,,
1081,2007,59,59,PHO,D.J. Strawberry,Maryland,1.0,33.0,270.0,73.0,28.0,30.0,0.315,0.24,0.474,8.2,2.2,0.8,0.9,-0.2,-0.031,-5.6,-0.2
1082,2007,60,60,DAL,Milovan Raković,nan,,,,,,,,,,,,,,,,,
1083,2008,1,1,CHI,Derrick Rose,Memphis,13.0,672.0,21317.0,12230.0,2239.0,3646.0,0.457,0.316,0.83,31.7,18.2,3.3,5.4,44.2,0.1,1.4,18.5
1084,2008,2,2,MIA,Michael Beasley,Kansas State,11.0,609.0,13903.0,7568.0,2861.0,788.0,0.465,0.349,0.759,22.8,12.4,4.7,1.3,15.6,0.054,-1.7,0.9
1085,2008,3,3,MIN,O.J. Mayo,USC,8.0,547.0,16919.0,7574.0,1706.0,1607.0,0.429,0.373,0.82,30.9,13.8,3.1,2.9,21.8,0.062,-0.9,4.7
1086,2008,4,4,SEA,Russell Westbrook,UCLA,14.0,1021.0,35426.0,23298.0,7541.0,8611.0,0.438,0.305,0.783,34.7,22.8,7.4,8.4,106.5,0.144,4.3,55.8
1087,2008,5,5,MEM,Kevin Love,UCLA,14.0,812.0,25090.0,14305.0,8666.0,1920.0,0.441,0.373,0.829,30.9,17.6,10.7,2.4,88.6,0.17,3.4,34.0
1088,2008,6,6,NYK,Danilo Gallinari,nan,13.0,728.0,21780.0,11327.0,3510.0,1414.0,0.428,0.382,0.877,29.9,15.6,4.8,1.9,64.1,0.141,1.8,20.8
1089,2008,7,7,LAC,Eric Gordon,Indiana,14.0,749.0,24257.0,12263.0,1811.0,2121.0,0.428,0.371,0.81,32.4,16.4,2.4,2.8,36.3,0.072,-0.6,8.7
1090,2008,8,8,MIL,Joe Alexander,West Virginia,2.0,67.0,745.0,282.0,120.0,44.0,0.41,0.34,0.698,11.1,4.2,1.8,0.7,0.5,0.03,-3.6,-0.3
1091,2008,9,9,CHA,D.J. Augustin,Texas,14.0,976.0,22851.0,9259.0,1805.0,3761.0,0.412,0.381,0.867,23.4,9.5,1.8,3.9,47.7,0.1,-0.7,7.6
1092,2008,10,10,NJN,Brook Lopez,Stanford,14.0,868.0,26192.0,14247.0,5407.0,1246.0,0.494,0.341,0.796,30.2,16.4,6.2,1.4,71.5,0.131,1.3,21.7
1093,2008,11,11,IND,Jerryd Bayless,Arizona,11.0,586.0,12486.0,4909.0,1235.0,1674.0,0.411,0.361,0.818,21.3,8.4,2.1,2.9,18.6,0.072,-1.6,1.1
1094,2008,12,12,SAC,Jason Thompson,Rider University,8.0,588.0,14819.0,5210.0,3880.0,635.0,0.496,0.143,0.657,25.2,8.9,6.6,1.1,23.8,0.077,-2.6,-2.4
1095,2008,13,13,POR,Brandon Rush,Kansas,9.0,481.0,10564.0,3250.0,1413.0,468.0,0.426,0.402,0.706,22.0,6.8,2.9,1.0,11.2,0.051,-1.4,1.6
1096,2008,14,14,GSW,Anthony Randolph,LSU,6.0,252.0,3841.0,1789.0,1078.0,187.0,0.453,0.241,0.74,15.2,7.1,4.3,0.7,5.8,0.072,-1.6,0.4
1097,2008,15,15,PHO,Robin Lopez,Stanford,14.0,939.0,20573.0,8196.0,4604.0,796.0,0.536,0.294,0.742,21.9,8.7,4.9,0.8,49.0,0.114,-1.1,4.7
1098,2008,16,16,PHI,Marreese Speights,Florida,10.0,705.0,10640.0,5592.0,2875.0,461.0,0.459,0.356,0.797,15.1,7.9,4.1,0.7,25.8,0.116,-2.2,-0.6
1099,2008,17,17,TOR,Roy Hibbert,Georgetown,9.0,662.0,16389.0,6611.0,4173.0,885.0,0.465,0.25,0.755,24.8,10.0,6.3,1.3,35.9,0.105,-1.1,3.5
1100,2008,18,18,WAS,JaVale McGee,Nevada,14.0,821.0,13982.0,6536.0,4344.0,358.0,0.576,0.182,0.605,17.0,8.0,5.3,0.4,42.4,0.146,0.1,7.4
1101,2008,19,19,CLE,J.J. Hickson,NC State,8.0,534.0,11925.0,5081.0,3639.0,449.0,0.505,0.0,0.617,22.3,9.5,6.8,0.8,21.9,0.088,-1.8,0.5
1102,2008,20,20,CHA,Alexis Ajinça,nan,7.0,293.0,3905.0,1553.0,1150.0,143.0,0.503,0.286,0.797,13.3,5.3,3.9,0.5,7.5,0.093,-2.8,-0.8
1103,2008,21,21,NJN,Ryan Anderson,California,12.0,649.0,16769.0,8001.0,3413.0,586.0,0.422,0.38,0.854,25.8,12.3,5.3,0.9,46.7,0.134,1.0,12.8
1104,2008,22,22,ORL,Courtney Lee,Western Kentucky,12.0,811.0,21938.0,7765.0,2127.0,1353.0,0.451,0.388,0.853,27.1,9.6,2.6,1.7,39.3,0.086,-0.6,7.9
1105,2008,23,23,UTA,Kosta Koufos,Ohio State,11.0,686.0,11271.0,3913.0,3452.0,359.0,0.534,0.0,0.582,16.4,5.7,5.0,0.5,28.3,0.12,-1.3,2.0
1106,2008,24,24,SEA,Serge Ibaka,nan,13.0,903.0,24941.0,10962.0,6469.0,745.0,0.513,0.36,0.758,27.6,12.1,7.2,0.8,72.8,0.14,0.5,15.8
1107,2008,25,25,HOU,Nicolas Batum,nan,14.0,915.0,28030.0,10149.0,4707.0,3215.0,0.437,0.363,0.837,30.6,11.1,5.1,3.5,63.5,0.109,1.7,26.1
1108,2008,26,26,SAS,George Hill,IUPUI,14.0,869.0,23667.0,9313.0,2646.0,2697.0,0.456,0.38,0.807,27.2,10.7,3.0,3.1,69.1,0.14,1.2,19.3
1109,2008,27,27,NOH,Darrell Arthur,Kansas,9.0,503.0,8945.0,3282.0,1768.0,409.0,0.444,0.352,0.765,17.8,6.5,3.5,0.8,12.3,0.066,-2.2,-0.4
1110,2008,28,28,MEM,Donté Greene,Syracuse,4.0,253.0,4259.0,1541.0,600.0,183.0,0.406,0.304,0.701,16.8,6.1,2.4,0.7,1.5,0.017,-2.8,-0.9
1111,2008,29,29,DET,D.J. White,Indiana,6.0,138.0,2111.0,810.0,437.0,80.0,0.507,0.333,0.72,15.3,5.9,3.2,0.6,3.8,0.087,-2.1,0.0
1112,2008,30,30,BOS,J.R. Giddens,New Mexico,2.0,38.0,247.0,73.0,54.0,13.0,0.476,0.0,0.565,6.5,1.9,1.4,0.3,0.1,0.027,-4.3,-0.1
1113,2008,31,31,MIN,Nikola Peković,nan,6.0,271.0,6744.0,3405.0,1807.0,199.0,0.518,,0.76,24.9,12.6,6.7,0.7,18.8,0.134,-0.7,2.2
1114,2008,32,32,SEA,Walter Sharpe,UAB,1.0,8.0,20.0,8.0,3.0,0.0,0.364,0.0,0.0,2.5,1.0,0.4,0.0,-0.1,-0.131,-10.1,0.0
1115,2008,33,33,POR,Joey Dorsey,Memphis,4.0,130.0,1488.0,344.0,513.0,55.0,0.534,0.0,0.375,11.4,2.6,3.9,0.4,2.9,0.092,-2.7,-0.3
1116,2008,34,34,MIN,Mario Chalmers,Kansas,9.0,646.0,17245.0,5743.0,1585.0,2412.0,0.417,0.351,0.793,26.7,8.9,2.5,3.7,32.3,0.09,-0.6,5.9
1117,2008,35,35,LAC,DeAndre Jordan,Texas A&M,14.0,980.0,26194.0,8933.0,10142.0,932.0,0.673,0.083,0.475,26.7,9.1,10.3,1.0,94.4,0.173,1.3,21.9
1118,2008,36,36,POR,Ömer Aşık,nan,8.0,471.0,9216.0,2479.0,3362.0,280.0,0.528,0.0,0.551,19.6,5.3,7.1,0.6,20.9,0.109,-1.9,0.1
1119,2008,37,37,MIL,Luc Mbah a Moute,UCLA,12.0,689.0,16038.0,4380.0,2800.0,588.0,0.454,0.334,0.659,23.3,6.4,4.1,0.9,26.0,0.078,-1.5,2.0
1120,2008,38,38,CHA,Kyle Weaver,Washington State,3.0,73.0,1379.0,363.0,158.0,119.0,0.441,0.353,0.736,18.9,5.0,2.2,1.6,1.5,0.051,-1.1,0.3
1121,2008,39,39,CHI,Sonny Weems,Arkansas,4.0,183.0,3335.0,1189.0,402.0,257.0,0.465,0.283,0.702,18.2,6.5,2.2,1.4,0.0,0.001,-4.2,-1.8
1122,2008,40,40,NJN,Chris Douglas-Roberts,Memphis,6.0,222.0,4381.0,1571.0,472.0,254.0,0.439,0.329,0.831,19.7,7.1,2.1,1.1,5.4,0.059,-2.2,-0.2
1123,2008,41,41,IND,Nathan Jawai,nan,2.0,45.0,431.0,126.0,106.0,24.0,0.435,0.0,0.684,9.6,2.8,2.4,0.5,0.2,0.02,-4.4,-0.3
1124,2008,42,42,SAC,Sean Singletary,Virginia,1.0,37.0,303.0,90.0,35.0,29.0,0.365,0.4,0.857,8.2,2.4,0.9,0.8,0.0,0.006,-5.1,-0.2
1125,2008,43,43,SAC,Patrick Ewing,Georgetown,1.0,7.0,19.0,3.0,2.0,2.0,0.0,0.0,0.75,2.7,0.4,0.3,0.3,-0.1,-0.158,-9.1,0.0
1126,2008,44,44,UTA,Ante Tomić,nan,,,,,,,,,,,,,,,,,
1127,2008,45,45,SAS,Goran Dragić,nan,14.0,888.0,24734.0,12203.0,2735.0,4254.0,0.46,0.362,0.767,27.9,13.7,3.1,4.8,56.3,0.109,0.6,16.3
1128,2008,46,46,SEA,Trent Plaisted,Brigham Young University Hawaii,,,,,,,,,,,,,,,,,
1129,2008,47,47,WAS,Henry Walker,Kansas State,5.0,181.0,3016.0,1079.0,401.0,153.0,0.446,0.369,0.76,16.7,6.0,2.2,0.8,5.0,0.079,-1.8,0.2
1130,2008,48,48,PHO,Malik Hairston,Oregon,2.0,62.0,472.0,149.0,77.0,29.0,0.512,0.167,0.514,7.6,2.4,1.2,0.5,0.8,0.086,-2.0,0.0
1131,2008,49,49,GSW,Richard Hendrix,Alabama,,,,,,,,,,,,,,,,,
1132,2008,50,50,SEA,DeVon Hardin,California,,,,,,,,,,,,,,,,,
1133,2008,51,51,DAL,Shan Foster,Vanderbilt,,,,,,,,,,,,,,,,,
1134,2008,52,52,MIA,Darnell Jackson,Kansas,3.0,138.0,1039.0,308.0,203.0,26.0,0.449,0.235,0.644,7.5,2.2,1.5,0.2,1.3,0.059,-5.2,-0.8
1135,2008,53,53,UTA,Tadija Dragićević,nan,,,,,,,,,,,,,,,,,
1136,2008,54,54,HOU,Maarty Leunen,Oregon,,,,,,,,,,,,,,,,,
1137,2008,55,55,POR,Mike Taylor,Iowa State,1.0,51.0,771.0,289.0,87.0,106.0,0.412,0.325,0.691,15.1,5.7,1.7,2.1,-0.4,-0.028,-5.2,-0.6
1138,2008,56,56,SEA,Sasha Kaun,Kansas,1.0,25.0,95.0,23.0,26.0,3.0,0.529,,0.455,3.8,0.9,1.0,0.1,0.2,0.096,-2.8,0.0
1139,2008,57,57,SAS,James Gist,Maryland,,,,,,,,,,,,,,,,,
1140,2008,58,58,LAL,Joe Crawford,Kentucky,1.0,2.0,23.0,9.0,4.0,1.0,0.3,0.25,1.0,11.5,4.5,2.0,0.5,0.0,0.037,-2.7,0.0
1141,2008,59,59,DET,Deron Washington,Virginia Tech,,,,,,,,,,,,,,,,,
1142,2008,60,60,BOS,Semih Erden,nan,2.0,69.0,928.0,262.0,190.0,29.0,0.546,,0.594,13.4,3.8,2.8,0.4,1.8,0.094,-3.6,-0.4
1143,2009,1,1,LAC,Blake Griffin,Oklahoma,12.0,724.0,23815.0,14343.0,5954.0,2994.0,0.493,0.327,0.696,32.9,19.8,8.2,4.1,79.3,0.16,3.4,32.5
1144,2009,2,2,MEM,Hasheem Thabeet,UConn,5.0,224.0,2357.0,483.0,595.0,27.0,0.567,,0.578,10.5,2.2,2.7,0.1,4.8,0.099,-2.7,-0.4
1145,2009,3,3,OKC,James Harden,Arizona State,13.0,942.0,32617.0,23477.0,5294.0,6397.0,0.442,0.361,0.86,34.6,24.9,5.6,6.8,149.6,0.22,6.8,72.0
1146,2009,4,4,SAC,Tyreke Evans,Memphis,10.0,594.0,18242.0,9347.0,2720.0,2852.0,0.44,0.323,0.757,30.7,15.7,4.6,4.8,28.4,0.075,0.8,13.1
1147,2009,5,5,MIN,Ricky Rubio,nan,11.0,665.0,20128.0,7399.0,2760.0,5045.0,0.389,0.326,0.843,30.3,11.1,4.2,7.6,41.6,0.099,0.6,13.4
1148,2009,6,6,MIN,Jonny Flynn,Syracuse,3.0,163.0,3738.0,1504.0,307.0,634.0,0.4,0.338,0.809,22.9,9.2,1.9,3.9,-1.1,-0.015,-4.0,-1.9
1149,2009,7,7,GSW,Stephen Curry,Davidson,13.0,826.0,28361.0,20064.0,3838.0,5388.0,0.473,0.428,0.908,34.3,24.3,4.6,6.5,120.2,0.203,6.5,60.9
1150,2009,8,8,NYK,Jordan Hill,Arizona,8.0,409.0,7692.0,3232.0,2389.0,322.0,0.497,0.136,0.699,18.8,7.9,5.8,0.8,16.4,0.102,-2.0,0.0
1151,2009,9,9,TOR,DeMar DeRozan,USC,13.0,957.0,32789.0,19869.0,4227.0,3729.0,0.465,0.288,0.837,34.3,20.8,4.4,3.9,83.7,0.123,0.7,22.6
1152,2009,10,10,MIL,Brandon Jennings,nan,9.0,555.0,16844.0,7801.0,1659.0,3151.0,0.387,0.345,0.796,30.3,14.1,3.0,5.7,29.9,0.085,0.8,11.8
1153,2009,11,11,NJN,Terrence Williams,Louisville,4.0,153.0,2922.0,1085.0,545.0,364.0,0.412,0.317,0.659,19.1,7.1,3.6,2.4,-0.2,-0.004,-2.8,-0.6
1154,2009,12,12,CHA,Gerald Henderson,Duke,8.0,535.0,13854.0,5987.0,1716.0,1009.0,0.44,0.327,0.793,25.9,11.2,3.2,1.9,18.3,0.063,-1.8,0.6
1155,2009,13,13,IND,Tyler Hansbrough,UNC,7.0,428.0,7233.0,2881.0,1808.0,181.0,0.439,0.136,0.738,16.9,6.7,4.2,0.4,20.2,0.134,-2.0,0.0
1156,2009,14,14,PHO,Earl Clark,Louisville,6.0,261.0,3630.0,1138.0,778.0,134.0,0.403,0.328,0.664,13.9,4.4,3.0,0.5,2.9,0.038,-2.8,-0.8
1157,2009,15,15,DET,Austin Daye,Gonzaga,6.0,293.0,4132.0,1522.0,764.0,212.0,0.402,0.351,0.778,14.1,5.2,2.6,0.7,4.5,0.053,-2.0,0.0
1158,2009,16,16,CHI,James Johnson,Wake Forest,13.0,747.0,15315.0,5763.0,2676.0,1583.0,0.474,0.302,0.679,20.5,7.7,3.6,2.1,27.5,0.086,0.5,9.5
1159,2009,17,17,PHI,Jrue Holiday,UCLA,13.0,839.0,27817.0,13586.0,3361.0,5373.0,0.46,0.363,0.776,33.2,16.2,4.0,6.4,56.4,0.097,1.5,24.6
1160,2009,18,18,MIN,Ty Lawson,UNC,8.0,551.0,16088.0,6977.0,1506.0,3316.0,0.46,0.359,0.77,29.2,12.7,2.7,6.0,42.1,0.126,1.4,13.6
1161,2009,19,19,ATL,Jeff Teague,Wake Forest,12.0,826.0,22164.0,10061.0,1989.0,4585.0,0.444,0.36,0.844,26.8,12.2,2.4,5.6,52.4,0.113,0.6,14.3
1162,2009,20,20,UTA,Eric Maynor,VCU,5.0,267.0,3896.0,1141.0,348.0,760.0,0.392,0.35,0.721,14.6,4.3,1.3,2.8,3.3,0.041,-2.9,-0.8
1163,2009,21,21,NOH,Darren Collison,UCLA,11.0,711.0,20833.0,8861.0,1889.0,3545.0,0.471,0.394,0.853,29.3,12.5,2.7,5.0,49.9,0.115,0.5,13.4
1164,2009,22,22,POR,Victor Claver,nan,3.0,80.0,1072.0,258.0,178.0,56.0,0.398,0.293,0.585,13.4,3.2,2.2,0.7,0.2,0.011,-3.6,-0.4
1165,2009,23,23,SAC,Omri Casspi,nan,10.0,588.0,11959.0,4642.0,2355.0,662.0,0.454,0.368,0.678,20.3,7.9,4.0,1.1,19.6,0.078,-0.8,3.5
1166,2009,24,24,DAL,Byron Mullens,Ohio State,5.0,189.0,3446.0,1398.0,790.0,153.0,0.408,0.319,0.706,18.2,7.4,4.2,0.8,0.6,0.008,-4.0,-1.8
1167,2009,25,25,OKC,Rodrigue Beaubois,nan,4.0,182.0,2896.0,1286.0,338.0,374.0,0.439,0.325,0.81,15.9,7.1,1.9,2.1,4.8,0.079,-0.1,1.4
1168,2009,26,26,CHI,Taj Gibson,USC,13.0,896.0,21976.0,8088.0,5477.0,880.0,0.518,0.257,0.713,24.5,9.0,6.1,1.0,58.9,0.129,-0.7,7.1
1169,2009,27,27,MEM,DeMarre Carroll,Missouri,11.0,578.0,13675.0,5150.0,2454.0,726.0,0.43,0.358,0.741,23.7,8.9,4.2,1.3,29.5,0.104,0.0,6.7
1170,2009,28,28,MIN,Wayne Ellington,UNC,13.0,770.0,16100.0,6190.0,1643.0,852.0,0.41,0.382,0.843,20.9,8.0,2.1,1.1,21.1,0.063,-1.5,2.2
1171,2009,29,29,LAL,Toney Douglas,Florida State,8.0,394.0,7511.0,3009.0,875.0,889.0,0.404,0.354,0.824,19.1,7.6,2.2,2.3,12.1,0.077,-0.8,2.2
1172,2009,30,30,CLE,Christian Eyenga,nan,2.0,51.0,1049.0,320.0,137.0,40.0,0.411,0.277,0.611,20.6,6.3,2.7,0.8,-0.4,-0.02,-4.2,-0.6
1173,2009,31,31,SAC,Jeff Ayres,Arizona State,6.0,237.0,2322.0,690.0,632.0,99.0,0.553,0.4,0.776,9.8,2.9,2.7,0.4,6.3,0.131,-2.3,-0.2
1174,2009,32,32,WAS,Jermaine Taylor,Central Florida,2.0,65.0,786.0,351.0,108.0,48.0,0.441,0.284,0.73,12.1,5.4,1.7,0.7,0.2,0.014,-3.7,-0.3
1175,2009,33,33,POR,Dante Cunningham,Villanova,10.0,715.0,14875.0,4133.0,2676.0,506.0,0.469,0.345,0.649,20.8,5.8,3.7,0.7,24.9,0.08,-1.7,1.1
1176,2009,34,34,DEN,Sergio Llull,nan,,,,,,,,,,,,,,,,,
1177,2009,35,35,DET,DaJuan Summers,Georgetown,4.0,83.0,820.0,278.0,82.0,29.0,0.384,0.367,0.642,9.9,3.3,1.0,0.3,-0.1,-0.008,-5.8,-0.8
1178,2009,36,36,MEM,Sam Young,Pitt,4.0,249.0,3966.0,1436.0,573.0,180.0,0.442,0.28,0.742,15.9,5.8,2.3,0.7,5.2,0.063,-2.1,-0.1
1179,2009,37,37,SAS,DeJuan Blair,Pitt,7.0,424.0,7054.0,2865.0,2153.0,349.0,0.524,0.0,0.608,16.6,6.8,5.1,0.8,19.0,0.129,-1.2,1.4
1180,2009,38,38,POR,Jon Brockman,Washington,3.0,150.0,1570.0,320.0,472.0,49.0,0.488,0.0,0.618,10.5,2.1,3.1,0.3,3.7,0.113,-3.9,-0.8
1181,2009,39,39,DET,Jonas Jerebko,nan,9.0,635.0,11323.0,3919.0,2522.0,525.0,0.457,0.363,0.77,17.8,6.2,4.0,0.8,25.8,0.109,-1.0,2.9
1182,2009,40,40,CHA,Derrick Brown,Xavier,3.0,171.0,2554.0,895.0,413.0,119.0,0.515,0.317,0.637,14.9,5.2,2.4,0.7,4.5,0.085,-1.3,0.4
1183,2009,41,41,MIL,Jodie Meeks,Kentucky,10.0,539.0,12110.0,4988.0,1120.0,583.0,0.42,0.373,0.879,22.5,9.3,2.1,1.1,24.3,0.096,-0.6,4.2
1184,2009,42,42,LAL,Patrick Beverley,Arkansas,10.0,526.0,14411.0,4654.0,2243.0,1839.0,0.414,0.378,0.756,27.4,8.8,4.3,3.5,34.5,0.115,1.1,11.4
1185,2009,43,43,MIA,Marcus Thornton,LSU,8.0,483.0,11299.0,5750.0,1348.0,677.0,0.425,0.358,0.83,23.4,11.9,2.8,1.4,20.0,0.085,0.2,6.2
1186,2009,44,44,DET,Chase Budinger,Arizona,7.0,407.0,7998.0,3198.0,1240.0,473.0,0.43,0.352,0.797,19.7,7.9,3.0,1.2,13.9,0.083,-0.5,2.9
1187,2009,45,45,MIN,Nick Calathes,Florida,2.0,129.0,2011.0,590.0,243.0,353.0,0.441,0.288,0.581,15.6,4.6,1.9,2.7,2.6,0.063,-0.5,0.8
1188,2009,46,46,CLE,Danny Green,UNC,13.0,819.0,20743.0,7143.0,2811.0,1270.0,0.421,0.399,0.804,25.3,8.7,3.4,1.6,49.1,0.114,1.9,20.2
1189,2009,47,47,MIN,Henk Norel,nan,,,,,,,,,,,,,,,,,
1190,2009,48,48,PHO,Taylor Griffin,Oklahoma,1.0,8.0,32.0,10.0,2.0,1.0,0.4,0.0,0.5,4.0,1.3,0.3,0.1,0.0,-0.039,-8.1,-0.1
1191,2009,49,49,ATL,Sergiy Gladyr,nan,,,,,,,,,,,,,,,,,
1192,2009,50,50,UTA,Goran Suton,Michigan State,,,,,,,,,,,,,,,,,
1193,2009,51,51,SAS,Jack McClinton,Miami (FL),,,,,,,,,,,,,,,,,
1194,2009,52,52,IND,A.J. Price,UConn,6.0,261.0,3929.0,1523.0,377.0,567.0,0.38,0.316,0.742,15.1,5.8,1.4,2.2,4.7,0.058,-1.3,0.7
1195,2009,53,53,SAS,Nando De Colo,nan,2.0,119.0,1414.0,453.0,211.0,203.0,0.429,0.363,0.835,11.9,3.8,1.8,1.7,2.4,0.081,-0.7,0.5
1196,2009,54,54,CHA,Robert Vaden,UAB,,,,,,,,,,,,,,,,,
1197,2009,55,55,POR,Patty Mills,Saint Mary's,13.0,820.0,17013.0,7520.0,1390.0,1894.0,0.426,0.389,0.855,20.7,9.2,1.7,2.3,35.3,0.1,0.1,9.0
1198,2009,56,56,DAL,Ahman Nivins,Saint Joseph's,,,,,,,,,,,,,,,,,
1199,2009,57,57,PHO,Emir Preldžić,nan,,,,,,,,,,,,,,,,,
1200,2009,58,58,BOS,Lester Hudson,University of Tennessee at Martin,4.0,57.0,594.0,268.0,77.0,71.0,0.375,0.277,0.806,10.4,4.7,1.4,1.2,0.2,0.016,-2.1,0.0
1201,2009,59,59,LAL,Chinemelu Elonu,Texas A&M,,,,,,,,,,,,,,,,,
1202,2009,60,60,MIA,Robert Dozier,Memphis,,,,,,,,,,,,,,,,,
1203,2010,1,1,WAS,John Wall,Kentucky,10.0,613.0,21833.0,11702.0,2612.0,5557.0,0.431,0.323,0.779,35.6,19.1,4.3,9.1,44.1,0.097,2.4,24.0
1204,2010,2,2,PHI,Evan Turner,Ohio State,10.0,705.0,18938.0,6824.0,3278.0,2462.0,0.434,0.294,0.782,26.9,9.7,4.6,3.5,20.2,0.051,-1.9,0.5
1205,2010,3,3,NJN,Derrick Favors,Georgia Tech,12.0,790.0,19202.0,8354.0,5608.0,851.0,0.534,0.198,0.663,24.3,10.6,7.1,1.1,60.2,0.15,0.9,14.0
1206,2010,4,4,MIN,Wesley Johnson,Syracuse,9.0,609.0,13472.0,4235.0,1924.0,645.0,0.404,0.337,0.741,22.1,7.0,3.2,1.1,10.7,0.038,-1.6,1.2
1207,2010,5,5,SAC,DeMarcus Cousins,Kentucky,11.0,654.0,19509.0,12802.0,6664.0,1979.0,0.46,0.331,0.737,29.8,19.6,10.2,3.0,46.8,0.115,2.4,21.6
1208,2010,6,6,GSW,Ekpe Udoh,Baylor,7.0,384.0,5694.0,1353.0,1100.0,260.0,0.453,0.0,0.718,14.8,3.5,2.9,0.7,10.4,0.088,-1.4,0.8
1209,2010,7,7,DET,Greg Monroe,Georgetown,10.0,646.0,17670.0,8402.0,5293.0,1376.0,0.514,0.059,0.703,27.4,13.0,8.2,2.1,50.4,0.137,1.4,15.3
1210,2010,8,8,LAC,Al-Farouq Aminu,Wake Forest,11.0,711.0,17698.0,5350.0,4280.0,879.0,0.42,0.332,0.746,24.9,7.5,6.0,1.2,27.6,0.075,-0.6,6.5
1211,2010,9,9,UTA,Gordon Hayward,Butler,12.0,734.0,22832.0,11454.0,3302.0,2576.0,0.453,0.371,0.826,31.1,15.6,4.5,3.5,60.1,0.126,2.0,22.8
1212,2010,10,10,IND,Paul George,Fresno State,12.0,737.0,24741.0,15029.0,4735.0,2641.0,0.435,0.382,0.848,33.6,20.4,6.4,3.6,76.6,0.149,4.1,38.0
1213,2010,11,11,NOH,Cole Aldrich,Kansas,8.0,339.0,3389.0,1050.0,1131.0,183.0,0.527,,0.738,10.0,3.1,3.3,0.5,9.6,0.135,0.1,1.8
1214,2010,12,12,MEM,Xavier Henry,Kansas,5.0,185.0,2905.0,1050.0,351.0,120.0,0.406,0.325,0.635,15.7,5.7,1.9,0.6,0.8,0.013,-4.4,-1.7
1215,2010,13,13,TOR,Ed Davis,UNC,12.0,722.0,13756.0,4291.0,4616.0,539.0,0.567,0.0,0.583,19.1,5.9,6.4,0.7,43.3,0.151,-0.2,6.2
1216,2010,14,14,HOU,Patrick Patterson,Kentucky,11.0,719.0,14923.0,4782.0,2799.0,736.0,0.447,0.369,0.755,20.8,6.7,3.9,1.0,31.9,0.102,0.0,7.4
1217,2010,15,15,MIL,Larry Sanders,VCU,6.0,238.0,4635.0,1520.0,1345.0,174.0,0.48,0.0,0.553,19.5,6.4,5.7,0.7,10.3,0.107,-1.1,1.1
1218,2010,16,16,MIN,Luke Babbitt,Nevada,8.0,381.0,5332.0,1818.0,846.0,224.0,0.408,0.402,0.747,14.0,4.8,2.2,0.6,7.2,0.065,-2.1,-0.1
1219,2010,17,17,CHI,Kevin Séraphin,nan,7.0,423.0,6430.0,2516.0,1462.0,246.0,0.489,0.0,0.715,15.2,5.9,3.5,0.6,5.9,0.044,-4.3,-3.6
1220,2010,18,18,OKC,Eric Bledsoe,Kentucky,12.0,756.0,21021.0,10348.0,2937.0,3545.0,0.452,0.336,0.784,27.8,13.7,3.9,4.7,46.1,0.105,1.6,18.8
1221,2010,19,19,BOS,Avery Bradley,Texas,12.0,660.0,18151.0,7279.0,1863.0,1105.0,0.434,0.365,0.783,27.5,11.0,2.8,1.7,17.2,0.045,-2.4,-1.8
1222,2010,20,20,SAS,James Anderson,Oklahoma State,5.0,247.0,4320.0,1422.0,560.0,291.0,0.411,0.321,0.755,17.5,5.8,2.3,1.2,3.3,0.037,-2.7,-0.8
1223,2010,21,21,OKC,Craig Brackins,Iowa State,2.0,17.0,121.0,30.0,19.0,9.0,0.265,0.214,0.5,7.1,1.8,1.1,0.5,-0.2,-0.089,-9.9,-0.2
1224,2010,22,22,POR,Elliot Williams,Memphis,4.0,109.0,1470.0,537.0,161.0,94.0,0.421,0.31,0.669,13.5,4.9,1.5,0.9,0.7,0.024,-4.9,-1.1
1225,2010,23,23,MIN,Trevor Booker,Clemson,8.0,532.0,10872.0,3679.0,2932.0,566.0,0.515,0.305,0.636,20.4,6.9,5.5,1.1,26.2,0.116,-0.5,4.2
1226,2010,24,24,ATL,Damion James,Texas,4.0,39.0,623.0,150.0,131.0,26.0,0.415,0.0,0.667,16.0,3.8,3.4,0.7,0.0,-0.001,-3.7,-0.3
1227,2010,25,25,MEM,Dominique Jones,South Florida,3.0,80.0,741.0,246.0,114.0,144.0,0.366,0.095,0.729,9.3,3.1,1.4,1.8,0.3,0.017,-2.4,-0.1
1228,2010,26,26,OKC,Quincy Pondexter,Washington,7.0,355.0,5530.0,1609.0,640.0,263.0,0.423,0.356,0.746,15.6,4.5,1.8,0.7,9.7,0.084,-1.8,0.3
1229,2010,27,27,NJN,Jordan Crawford,Xavier,6.0,281.0,6843.0,3432.0,703.0,883.0,0.411,0.317,0.826,24.4,12.2,2.5,3.1,6.3,0.044,-1.3,1.3
1230,2010,28,28,MEM,Greivis Vásquez,Maryland,7.0,401.0,9520.0,3591.0,1021.0,1935.0,0.418,0.349,0.817,23.7,9.0,2.5,4.8,12.6,0.064,-1.2,1.8
1231,2010,29,29,ORL,Daniel Orton,Kentucky,3.0,51.0,542.0,143.0,126.0,24.0,0.485,0.0,0.597,10.6,2.8,2.5,0.5,1.0,0.093,-3.5,-0.2
1232,2010,30,30,WAS,Lazar Hayward,Marquette,3.0,72.0,591.0,207.0,90.0,35.0,0.347,0.269,0.767,8.2,2.9,1.3,0.5,0.2,0.02,-4.2,-0.3
1233,2010,31,31,NJN,Tibor Pleiß,nan,1.0,12.0,82.0,24.0,15.0,2.0,0.44,0.0,1.0,6.8,2.0,1.3,0.2,-0.1,-0.041,-11.6,-0.2
1234,2010,32,32,MIA,Dexter Pittman,Texas,4.0,50.0,347.0,116.0,89.0,9.0,0.45,,0.545,6.9,2.3,1.8,0.2,0.5,0.068,-7.7,-0.5
1235,2010,33,33,SAC,Hassan Whiteside,Marshall,10.0,511.0,12645.0,6450.0,5523.0,327.0,0.586,0.308,0.605,24.7,12.6,10.8,0.6,52.0,0.197,2.5,14.5
1236,2010,34,34,POR,Armon Johnson,Nevada,2.0,47.0,401.0,157.0,49.0,56.0,0.458,0.4,0.679,8.5,3.3,1.0,1.2,-0.1,-0.015,-4.1,-0.2
1237,2010,35,35,WAS,Nemanja Bjelica,nan,7.0,449.0,9172.0,3412.0,2051.0,826.0,0.466,0.384,0.759,20.4,7.6,4.6,1.8,20.0,0.104,0.3,5.4
1238,2010,36,36,DET,Terrico White,Ole Miss,,,,,,,,,,,,,,,,,
1239,2010,37,37,MIL,Darington Hobson,New Mexico,1.0,5.0,39.0,4.0,3.0,6.0,0.154,0.0,,7.8,0.8,0.6,1.2,-0.2,-0.225,-13.0,-0.1
1240,2010,38,38,NYK,Andy Rautins,Syracuse,1.0,5.0,24.0,8.0,1.0,3.0,0.429,0.25,0.5,4.8,1.6,0.2,0.6,-0.2,-0.314,-13.2,-0.1
1241,2010,39,39,NYK,Landry Fields,Stanford,5.0,255.0,6010.0,1731.0,1092.0,419.0,0.473,0.332,0.666,23.6,6.8,4.3,1.6,10.5,0.084,-0.3,2.6
1242,2010,40,40,IND,Lance Stephenson,Cincinnati,10.0,554.0,12680.0,4738.0,2251.0,1621.0,0.445,0.314,0.694,22.9,8.6,4.1,2.9,17.5,0.066,-1.3,2.3
1243,2010,41,41,MIA,Jarvis Varnado,Mississippi State,2.0,37.0,397.0,107.0,72.0,16.0,0.582,,0.518,10.7,2.9,1.9,0.4,0.7,0.089,-3.3,-0.1
1244,2010,42,42,MIA,Da'Sean Butler,West Virginia,,,,,,,,,,,,,,,,,
1245,2010,43,43,LAL,Devin Ebanks,West Virginia,3.0,63.0,711.0,224.0,122.0,24.0,0.385,0.222,0.722,11.3,3.6,1.9,0.4,0.5,0.035,-4.8,-0.5
1246,2010,44,44,MIL,Jerome Jordan,Tulsa,2.0,65.0,491.0,180.0,132.0,17.0,0.528,,0.852,7.6,2.8,2.0,0.3,1.7,0.168,-1.0,0.1
1247,2010,45,45,MIN,Paulão Prestes,nan,,,,,,,,,,,,,,,,,
1248,2010,46,46,PHO,Gani Lawal,Georgia Tech,1.0,1.0,2.0,0.0,0.0,0.0,,,,2.0,0.0,0.0,0.0,0.0,-0.009,-15.0,0.0
1249,2010,47,47,MIL,Tiny Gallon,Oklahoma,,,,,,,,,,,,,,,,,
1250,2010,48,48,MIA,Latavious Williams,nan,,,,,,,,,,,,,,,,,
1251,2010,49,49,SAS,Ryan Richards,nan,,,,,,,,,,,,,,,,,
1252,2010,50,50,DAL,Solomon Alabi,Florida State,2.0,26.0,181.0,39.0,61.0,5.0,0.314,,0.7,7.0,1.5,2.3,0.2,0.0,0.01,-4.4,-0.1
1253,2010,51,51,OKC,Magnum Rolle,Louisiana Tech,,,,,,,,,,,,,,,,,
1254,2010,52,52,BOS,Luke Harangody,Notre Dame,2.0,70.0,871.0,253.0,196.0,36.0,0.376,0.241,0.737,12.4,3.6,2.8,0.5,0.9,0.048,-3.5,-0.3
1255,2010,53,53,ATL,Pape Sy,nan,1.0,3.0,21.0,7.0,3.0,2.0,0.333,0.0,1.0,7.0,2.3,1.0,0.7,0.0,-0.047,-6.0,0.0
1256,2010,54,54,LAC,Willie Warren,Oklahoma,1.0,19.0,134.0,37.0,12.0,27.0,0.371,0.333,0.75,7.1,1.9,0.6,1.4,0.2,0.065,-2.7,0.0
1257,2010,55,55,UTA,Jeremy Evans,Western Kentucky,7.0,250.0,2626.0,879.0,641.0,107.0,0.569,0.231,0.687,10.5,3.5,2.6,0.4,8.2,0.15,0.9,1.9
1258,2010,56,56,MIN,Hamady N'Diaye,Rutgers University,3.0,33.0,157.0,20.0,25.0,3.0,0.467,,0.462,4.8,0.6,0.8,0.1,0.0,0.013,-7.3,-0.2
1259,2010,57,57,IND,Ryan Reid,Florida State,1.0,5.0,17.0,8.0,2.0,0.0,0.8,,,3.4,1.6,0.4,0.0,0.1,0.142,-2.0,0.0
1260,2010,58,58,LAL,Derrick Caracter,Texas-El Paso,1.0,41.0,215.0,81.0,43.0,7.0,0.485,,0.739,5.2,2.0,1.0,0.2,0.3,0.057,-7.1,-0.3
1261,2010,59,59,ORL,Stanley Robinson,UConn,,,,,,,,,,,,,,,,,
1262,2010,60,60,PHO,Dwayne Collins,Miami (FL),,,,,,,,,,,,,,,,,
1263,2011,1,1,CLE,Kyrie Irving,Duke,11.0,611.0,20804.0,14089.0,2339.0,3503.0,0.47,0.393,0.882,34.0,23.1,3.8,5.7,72.0,0.166,4.5,34.2
1264,2011,2,2,MIN,Derrick Williams,Arizona,7.0,428.0,8864.0,3809.0,1693.0,293.0,0.434,0.3,0.71,20.7,8.9,4.0,0.7,14.1,0.076,-1.6,0.8
1265,2011,3,3,UTA,Enes Freedom,nan,11.0,748.0,16101.0,8349.0,5822.0,638.0,0.548,0.289,0.777,21.5,11.2,7.8,0.9,52.8,0.157,-0.1,7.6
1266,2011,4,4,CLE,Tristan Thompson,Texas,11.0,730.0,19556.0,6592.0,6120.0,725.0,0.519,0.263,0.605,26.8,9.0,8.4,1.0,47.6,0.117,-1.7,1.4
1267,2011,5,5,TOR,Jonas Valančiūnas,nan,10.0,695.0,18141.0,9319.0,6571.0,824.0,0.563,0.359,0.785,26.1,13.4,9.5,1.2,67.4,0.178,1.1,14.3
1268,2011,6,6,WAS,Jan Veselý,nan,3.0,162.0,2455.0,590.0,562.0,96.0,0.521,0.0,0.408,15.2,3.6,3.5,0.6,4.0,0.078,-2.6,-0.4
1269,2011,7,7,SAC,Bismack Biyombo,nan,11.0,738.0,14719.0,3814.0,4482.0,442.0,0.53,0.0,0.564,19.9,5.2,6.1,0.6,29.4,0.096,-2.6,-2.2
1270,2011,8,8,DET,Brandon Knight,Kentucky,9.0,451.0,13202.0,6301.0,1385.0,1777.0,0.411,0.352,0.807,29.3,14.0,3.1,3.9,11.6,0.042,-1.6,1.4
1271,2011,9,9,CHA,Kemba Walker,UConn,11.0,741.0,24666.0,14414.0,2815.0,3919.0,0.418,0.36,0.84,33.3,19.5,3.8,5.3,59.6,0.116,2.8,29.8
1272,2011,10,10,MIL,Jimmer Fredette,BYU,6.0,241.0,3213.0,1438.0,243.0,331.0,0.409,0.372,0.879,13.3,6.0,1.0,1.4,2.2,0.033,-2.5,-0.4
1273,2011,11,11,GSW,Klay Thompson,Washington State,9.0,647.0,21281.0,12647.0,2255.0,1504.0,0.458,0.417,0.849,32.9,19.5,3.5,2.3,48.5,0.11,0.8,14.9
1274,2011,12,12,UTA,Alec Burks,Colorado,11.0,625.0,14379.0,6649.0,2210.0,1264.0,0.418,0.38,0.799,23.0,10.6,3.5,2.0,26.0,0.087,-0.5,5.3
1275,2011,13,13,PHO,Markieff Morris,Kansas,11.0,715.0,17724.0,7822.0,3714.0,1153.0,0.446,0.341,0.777,24.8,10.9,5.2,1.6,27.1,0.073,-1.4,2.8
1276,2011,14,14,HOU,Marcus Morris,Kansas,11.0,718.0,19451.0,8921.0,3298.0,1085.0,0.435,0.377,0.773,27.1,12.4,4.6,1.5,36.4,0.09,-0.5,7.1
1277,2011,15,15,IND,Kawhi Leonard,San Diego State,10.0,576.0,18025.0,11085.0,3689.0,1672.0,0.493,0.384,0.858,31.3,19.2,6.4,2.9,83.3,0.222,6.9,40.4
1278,2011,16,16,PHI,Nikola Vučević,USC,11.0,741.0,22869.0,12553.0,7731.0,2037.0,0.494,0.348,0.757,30.9,16.9,10.4,2.7,58.9,0.124,2.2,24.3
1279,2011,17,17,NYK,Iman Shumpert,Georgia Tech,10.0,461.0,11470.0,3320.0,1534.0,845.0,0.391,0.337,0.764,24.9,7.2,3.3,1.8,12.9,0.054,-1.7,0.9
1280,2011,18,18,WAS,Chris Singleton,Florida State,3.0,148.0,2605.0,612.0,472.0,92.0,0.376,0.319,0.633,17.6,4.1,3.2,0.6,2.3,0.042,-3.2,-0.8
1281,2011,19,19,CHA,Tobias Harris,Tennessee,11.0,753.0,23618.0,12313.0,4660.0,1728.0,0.476,0.367,0.828,31.4,16.4,6.2,2.3,58.4,0.119,1.1,18.3
1282,2011,20,20,MIN,Donatas Motiejūnas,nan,6.0,251.0,4566.0,1832.0,952.0,269.0,0.469,0.3,0.597,18.2,7.3,3.8,1.1,7.1,0.075,-2.5,-0.5
1283,2011,21,21,POR,Nolan Smith,Duke,2.0,84.0,829.0,277.0,83.0,97.0,0.371,0.26,0.714,9.9,3.3,1.0,1.2,-0.8,-0.047,-6.0,-0.8
1284,2011,22,22,DEN,Kenneth Faried,Morehead State University,8.0,478.0,11728.0,5430.0,3884.0,470.0,0.546,0.222,0.654,24.5,11.4,8.1,1.0,38.8,0.159,0.5,7.5
1285,2011,23,23,HOU,Nikola Mirotić,nan,5.0,319.0,7718.0,3910.0,1894.0,407.0,0.423,0.359,0.808,24.2,12.3,5.9,1.3,20.8,0.129,1.6,7.1
1286,2011,24,24,OKC,Reggie Jackson,Boston College,11.0,703.0,18001.0,9183.0,2122.0,3020.0,0.424,0.345,0.854,25.6,13.1,3.0,4.3,33.5,0.089,0.0,9.1
1287,2011,25,25,BOS,MarShon Brooks,Providence,5.0,200.0,3456.0,1592.0,424.0,282.0,0.447,0.345,0.751,17.3,8.0,2.1,1.4,3.3,0.046,-1.6,0.4
1288,2011,26,26,DAL,Jordan Hamilton,Texas,5.0,151.0,2100.0,890.0,429.0,127.0,0.408,0.357,0.67,13.9,5.9,2.8,0.8,3.0,0.069,-0.1,1.0
1289,2011,27,27,NJN,JaJuan Johnson,Purdue,1.0,36.0,298.0,114.0,58.0,6.0,0.446,,0.667,8.3,3.2,1.6,0.2,0.2,0.032,-3.9,-0.1
1290,2011,28,28,CHI,Norris Cole,Cleveland State University,6.0,360.0,8018.0,2506.0,702.0,981.0,0.407,0.324,0.743,22.3,7.0,2.0,2.7,3.0,0.018,-4.1,-4.1
1291,2011,29,29,SAS,Cory Joseph,Texas,11.0,728.0,16161.0,5161.0,1884.0,2186.0,0.444,0.344,0.787,22.2,7.1,2.6,3.0,28.7,0.085,-1.1,3.9
1292,2011,30,30,CHI,Jimmy Butler,Marquette,11.0,690.0,22864.0,12222.0,3658.0,2836.0,0.46,0.321,0.841,33.1,17.7,5.3,4.1,93.6,0.196,4.7,38.3
1293,2011,31,31,MIA,Bojan Bogdanović,nan,8.0,603.0,17519.0,9043.0,2184.0,945.0,0.457,0.392,0.861,29.1,15.0,3.6,1.6,33.0,0.09,-0.9,4.8
1294,2011,32,32,CLE,Justin Harper,Richmond,3.0,22.0,150.0,45.0,18.0,4.0,0.34,0.276,0.333,6.8,2.0,0.8,0.2,-0.3,-0.093,-8.7,-0.2
1295,2011,33,33,DET,Kyle Singler,Duke,6.0,356.0,7794.0,2326.0,1026.0,272.0,0.418,0.362,0.786,21.9,6.5,2.9,0.8,10.0,0.062,-2.5,-0.9
1296,2011,34,34,WAS,Shelvin Mack,Butler,8.0,456.0,8392.0,2997.0,894.0,1421.0,0.423,0.33,0.731,18.4,6.6,2.0,3.1,10.3,0.059,-1.9,0.1
1297,2011,35,35,SAC,Tyler Honeycutt,UCLA,2.0,24.0,120.0,28.0,24.0,9.0,0.314,0.2,0.714,5.0,1.2,1.0,0.4,-0.1,-0.049,-5.1,-0.1
1298,2011,36,36,NJN,Jordan Williams,Maryland,1.0,43.0,635.0,197.0,156.0,11.0,0.507,,0.652,14.8,4.6,3.6,0.3,1.3,0.101,-2.1,0.0
1299,2011,37,37,LAC,Trey Thompkins,Georgia,1.0,24.0,119.0,57.0,24.0,3.0,0.393,0.308,0.714,5.0,2.4,1.0,0.1,0.0,0.004,-5.7,-0.1
1300,2011,38,38,HOU,Chandler Parsons,Florida,9.0,440.0,13246.0,5571.0,1972.0,1201.0,0.462,0.373,0.713,30.1,12.7,4.5,2.7,28.9,0.105,1.1,10.2
1301,2011,39,39,CHA,Jeremy Tyler,nan,3.0,104.0,1034.0,373.0,269.0,25.0,0.45,0.0,0.557,9.9,3.6,2.6,0.2,0.3,0.014,-7.0,-1.3
1302,2011,40,40,MIL,Jon Leuer,Wisconsin,8.0,377.0,5945.0,2395.0,1426.0,301.0,0.484,0.328,0.767,15.8,6.4,3.8,0.8,13.2,0.107,-0.7,2.0
1303,2011,41,41,LAL,Darius Morris,Michigan,4.0,132.0,1464.0,430.0,126.0,189.0,0.384,0.322,0.63,11.1,3.3,1.0,1.4,-0.3,-0.01,-5.1,-1.2
1304,2011,42,42,IND,Dāvis Bertāns,nan,6.0,387.0,7380.0,3165.0,1045.0,392.0,0.424,0.398,0.86,19.1,8.2,2.7,1.0,16.8,0.11,0.4,4.5
1305,2011,43,43,CHI,Malcolm Lee,UCLA,3.0,36.0,534.0,140.0,65.0,51.0,0.382,0.294,0.703,14.8,3.9,1.8,1.4,0.4,0.04,-2.5,-0.1
1306,2011,44,44,GSW,Charles Jenkins,Hofstra,2.0,110.0,1334.0,408.0,100.0,214.0,0.434,0.182,0.754,12.1,3.7,0.9,1.9,0.5,0.017,-4.5,-0.8
1307,2011,45,45,NOH,Josh Harrellson,Kentucky,3.0,75.0,888.0,265.0,227.0,26.0,0.438,0.347,0.629,11.8,3.5,3.0,0.3,2.1,0.116,-0.4,0.4
1308,2011,46,46,LAL,Andrew Goudelock,College of Charleston,3.0,49.0,475.0,197.0,34.0,24.0,0.393,0.345,0.875,9.7,4.0,0.7,0.5,0.0,0.003,-5.0,-0.3
1309,2011,47,47,LAC,Travis Leslie,Georgia,1.0,10.0,45.0,14.0,9.0,5.0,0.357,,0.444,4.5,1.4,0.9,0.5,0.1,0.06,-0.3,0.0
1310,2011,48,48,ATL,Keith Benson,Oakland,1.0,3.0,9.0,0.0,3.0,0.0,0.0,,,3.0,0.0,1.0,0.0,0.0,-0.005,-7.7,0.0
1311,2011,49,49,MEM,Josh Selby,Kansas,2.0,38.0,296.0,83.0,20.0,34.0,0.33,0.143,0.72,7.8,2.2,0.5,0.9,-0.7,-0.113,-9.5,-0.6
1312,2011,50,50,PHI,Lavoy Allen,Temple,6.0,388.0,6905.0,1847.0,1843.0,384.0,0.471,0.133,0.682,17.8,4.8,4.8,1.0,13.8,0.096,-2.1,-0.1
1313,2011,51,51,POR,Jon Diebler,Ohio State,,,,,,,,,,,,,,,,,
1314,2011,52,52,DET,Vernon Macklin,Florida,1.0,23.0,135.0,46.0,34.0,5.0,0.543,,0.571,5.9,2.0,1.5,0.2,0.5,0.161,1.2,0.1
1315,2011,53,53,ORL,DeAndre Liggins,Kentucky,5.0,177.0,1907.0,346.0,252.0,122.0,0.402,0.352,0.549,10.8,2.0,1.4,0.7,1.6,0.04,-2.2,-0.1
1316,2011,54,54,CLE,Milan Mačvan,nan,,,,,,,,,,,,,,,,,
1317,2011,55,55,BOS,E'Twaun Moore,Purdue,10.0,598.0,12564.0,4743.0,1208.0,1055.0,0.455,0.388,0.742,21.0,7.9,2.0,1.8,14.8,0.057,-1.9,0.2
1318,2011,56,56,LAL,Chukwudiebere Maduabum,nan,,,,,,,,,,,,,,,,,
1319,2011,57,57,DAL,Tanguy Ngombo,nan,,,,,,,,,,,,,,,,,
1320,2011,58,58,LAL,Ater Majok,nan,,,,,,,,,,,,,,,,,
1321,2011,59,59,SAS,Ádám Hanga,nan,,,,,,,,,,,,,,,,,
1322,2011,60,60,SAC,Isaiah Thomas,Washington,11.0,550.0,15563.0,9715.0,1321.0,2638.0,0.434,0.362,0.872,28.3,17.7,2.4,4.8,45.3,0.14,2.1,16.1
1323,2012,1,1,NOH,Anthony Davis,Kentucky,10.0,604.0,20805.0,14390.0,6163.0,1414.0,0.515,0.303,0.794,34.4,23.8,10.2,2.3,91.3,0.211,6.0,42.1
1324,2012,2,2,CHA,Michael Kidd-Gilchrist,Kentucky,8.0,446.0,10978.0,3750.0,2420.0,515.0,0.474,0.272,0.715,24.6,8.4,5.4,1.2,21.0,0.092,-1.8,0.6
1325,2012,3,3,WAS,Bradley Beal,Florida,10.0,645.0,22418.0,14231.0,2641.0,2701.0,0.456,0.372,0.821,34.8,22.1,4.1,4.2,48.8,0.104,1.7,21.0
1326,2012,4,4,CLE,Dion Waiters,Syracuse,8.0,419.0,11835.0,5505.0,1108.0,1163.0,0.412,0.346,0.694,28.2,13.1,2.6,2.8,8.8,0.036,-2.1,-0.4
1327,2012,5,5,SAC,Thomas Robinson,Kansas,5.0,313.0,4204.0,1528.0,1507.0,190.0,0.47,0.0,0.505,13.4,4.9,4.8,0.6,4.6,0.053,-3.5,-1.6
1328,2012,6,6,POR,Damian Lillard,Weber State,10.0,711.0,25835.0,17510.0,2976.0,4726.0,0.437,0.373,0.893,36.3,24.6,4.2,6.6,94.1,0.175,4.7,43.7
1329,2012,7,7,GSW,Harrison Barnes,UNC,10.0,747.0,23763.0,10566.0,3817.0,1376.0,0.453,0.379,0.804,31.8,14.1,5.1,1.8,44.8,0.091,-0.8,7.1
1330,2012,8,8,TOR,Terrence Ross,Washington,10.0,670.0,16626.0,7525.0,1907.0,841.0,0.417,0.361,0.839,24.8,11.2,2.8,1.3,23.4,0.068,-0.9,4.5
1331,2012,9,9,DET,Andre Drummond,UConn,10.0,718.0,21269.0,9938.0,9519.0,1003.0,0.54,0.132,0.473,29.6,13.8,13.3,1.4,67.7,0.153,1.3,17.7
1332,2012,10,10,NOH,Austin Rivers,Duke,10.0,655.0,15842.0,5741.0,1359.0,1438.0,0.418,0.349,0.649,24.2,8.8,2.1,2.2,13.9,0.042,-3.1,-4.2
1333,2012,11,11,POR,Meyers Leonard,Illinois,9.0,447.0,7158.0,2502.0,1737.0,395.0,0.482,0.39,0.809,16.0,5.6,3.9,0.9,15.5,0.104,-1.4,1.1
1334,2012,12,12,HOU,Jeremy Lamb,UConn,10.0,573.0,11896.0,5805.0,2073.0,904.0,0.439,0.342,0.857,20.8,10.1,3.6,1.6,26.8,0.108,0.6,7.9
1335,2012,13,13,PHO,Kendall Marshall,UNC,4.0,160.0,3083.0,802.0,253.0,779.0,0.399,0.37,0.611,19.3,5.0,1.6,4.9,1.0,0.015,-3.5,-1.1
1336,2012,14,14,MIL,John Henson,UNC,8.0,445.0,8752.0,3383.0,2368.0,496.0,0.54,0.25,0.568,19.7,7.6,5.3,1.1,20.7,0.113,-0.5,3.4
1337,2012,15,15,PHI,Maurice Harkless,St. John's,10.0,621.0,14019.0,4259.0,2198.0,572.0,0.474,0.32,0.624,22.6,6.9,3.5,0.9,23.0,0.079,-0.8,4.1
1338,2012,16,16,HOU,Royce White,Iowa State,1.0,3.0,9.0,0.0,0.0,0.0,0.0,,,3.0,0.0,0.0,0.0,0.0,-0.121,-16.9,0.0
1339,2012,17,17,DAL,Tyler Zeller,UNC,8.0,414.0,7254.0,2873.0,1820.0,367.0,0.508,0.286,0.764,17.5,6.9,4.4,0.9,17.1,0.113,-2.0,0.0
1340,2012,18,18,HOU,Terrence Jones,Kentucky,6.0,234.0,5562.0,2431.0,1334.0,238.0,0.501,0.297,0.621,23.8,10.4,5.7,1.0,14.7,0.127,0.5,3.6
1341,2012,19,19,ORL,Andrew Nicholson,St. Bonaventure,5.0,285.0,4080.0,1700.0,857.0,126.0,0.467,0.321,0.773,14.3,6.0,3.0,0.4,3.8,0.045,-3.6,-1.6
1342,2012,20,20,DEN,Evan Fournier,nan,10.0,645.0,18475.0,9222.0,1771.0,1675.0,0.445,0.381,0.798,28.6,14.3,2.7,2.6,30.5,0.079,-0.9,4.9
1343,2012,21,21,BOS,Jared Sullinger,Ohio State,5.0,269.0,6532.0,2893.0,2006.0,477.0,0.436,0.272,0.723,24.3,10.8,7.5,1.8,15.3,0.113,-0.4,2.7
1344,2012,22,22,BOS,Fab Melo,Syracuse,1.0,6.0,36.0,7.0,3.0,0.0,0.5,,0.25,6.0,1.2,0.5,0.0,0.0,0.021,-7.6,-0.1
1345,2012,23,23,ATL,John Jenkins,Vanderbilt,6.0,171.0,2183.0,855.0,250.0,138.0,0.441,0.367,0.847,12.8,5.0,1.5,0.8,3.0,0.065,-1.9,0.1
1346,2012,24,24,CLE,Jared Cunningham,Oregon State,4.0,84.0,605.0,197.0,56.0,39.0,0.347,0.306,0.674,7.2,2.3,0.7,0.5,0.2,0.017,-5.7,-0.6
1347,2012,25,25,MEM,Tony Wroten,Washington,4.0,145.0,3076.0,1604.0,363.0,437.0,0.413,0.231,0.647,21.2,11.1,2.5,3.0,-1.3,-0.021,-3.4,-1.1
1348,2012,26,26,IND,Miles Plumlee,Duke,7.0,346.0,5658.0,1697.0,1562.0,178.0,0.542,,0.543,16.4,4.9,4.5,0.5,10.6,0.09,-1.9,0.2
1349,2012,27,27,MIA,Arnett Moultrie,Mississippi State,2.0,59.0,729.0,210.0,180.0,12.0,0.547,,0.667,12.4,3.6,3.1,0.2,1.7,0.113,-2.8,-0.1
1350,2012,28,28,OKC,Perry Jones,Baylor,3.0,143.0,1675.0,488.0,252.0,54.0,0.42,0.293,0.66,11.7,3.4,1.8,0.4,1.7,0.048,-3.5,-0.6
1351,2012,29,29,CHI,Marquis Teague,Kentucky,3.0,91.0,909.0,217.0,90.0,134.0,0.343,0.222,0.661,10.0,2.4,1.0,1.5,-0.9,-0.045,-6.5,-1.0
1352,2012,30,30,GSW,Festus Ezeli,Vanderbilt,3.0,170.0,2394.0,712.0,725.0,63.0,0.513,,0.557,14.1,4.2,4.3,0.4,5.9,0.119,-2.0,0.0
1353,2012,31,31,CHA,Jeff Taylor,Vanderbilt,3.0,132.0,2566.0,807.0,263.0,107.0,0.409,0.319,0.665,19.4,6.1,2.0,0.8,1.3,0.024,-4.2,-1.5
1354,2012,32,32,WAS,Tomáš Satoranský,nan,6.0,388.0,8617.0,2676.0,1117.0,1586.0,0.468,0.354,0.82,22.2,6.9,2.9,4.1,17.9,0.1,-0.9,2.4
1355,2012,33,33,CLE,Bernard James,Florida State,3.0,92.0,761.0,203.0,212.0,13.0,0.497,0.0,0.68,8.3,2.2,2.3,0.1,1.9,0.117,-1.8,0.0
1356,2012,34,34,CLE,Jae Crowder,Marquette,10.0,735.0,18562.0,7056.0,3141.0,1182.0,0.417,0.346,0.777,25.3,9.6,4.3,1.6,40.2,0.104,0.3,10.9
1357,2012,35,35,GSW,Draymond Green,Michigan State,10.0,685.0,19512.0,5960.0,4751.0,3733.0,0.441,0.315,0.712,28.5,8.7,6.9,5.4,52.7,0.13,2.7,23.1
1358,2012,36,36,SAC,Orlando Johnson,UC Santa Barbara,3.0,103.0,1112.0,329.0,180.0,69.0,0.358,0.311,0.727,10.8,3.2,1.7,0.7,1.4,0.059,-2.4,-0.1
1359,2012,37,37,TOR,Quincy Acy,Baylor,7.0,337.0,5392.0,1642.0,1179.0,217.0,0.444,0.35,0.759,16.0,4.9,3.5,0.6,8.7,0.078,-2.0,-0.1
1360,2012,38,38,DEN,Quincy Miller,Baylor,3.0,69.0,934.0,295.0,169.0,37.0,0.35,0.292,0.706,13.5,4.3,2.4,0.5,-0.1,-0.003,-3.9,-0.5
1361,2012,39,39,DET,Khris Middleton,Texas A&M,10.0,651.0,20692.0,11136.0,3166.0,2461.0,0.458,0.392,0.881,31.8,17.1,4.9,3.8,50.6,0.117,0.7,14.3
1362,2012,40,40,POR,Will Barton,Memphis,10.0,623.0,16123.0,7246.0,2655.0,1705.0,0.433,0.354,0.787,25.9,11.6,4.3,2.7,26.0,0.077,-0.3,7.1
1363,2012,41,41,POR,Tyshawn Taylor,Kansas,2.0,61.0,491.0,174.0,33.0,57.0,0.354,0.36,0.684,8.0,2.9,0.5,0.9,-0.9,-0.088,-8.1,-0.8
1364,2012,42,42,MIL,Doron Lamb,Kentucky,2.0,100.0,1272.0,345.0,95.0,75.0,0.381,0.394,0.7,12.7,3.5,1.0,0.8,0.1,0.005,-5.8,-1.2
1365,2012,43,43,ATL,Mike Scott,Virginia,9.0,555.0,9182.0,3736.0,1727.0,499.0,0.453,0.362,0.757,16.5,6.7,3.1,0.9,16.8,0.088,-1.7,0.6
1366,2012,44,44,DET,Kim English,Missouri,1.0,41.0,407.0,119.0,37.0,26.0,0.375,0.28,0.724,9.9,2.9,0.9,0.6,0.2,0.021,-4.2,-0.2
1367,2012,45,45,PHI,Justin Hamilton,LSU,3.0,113.0,1961.0,687.0,403.0,91.0,0.464,0.309,0.798,17.4,6.1,3.6,0.8,3.7,0.091,-0.9,0.5
1368,2012,46,46,NOH,Darius Miller,Kentucky,6.0,271.0,5358.0,1597.0,447.0,367.0,0.419,0.383,0.84,19.8,5.9,1.6,1.4,6.5,0.059,-2.3,-0.4
1369,2012,47,47,UTA,Kevin Murphy,Tennessee Technological University,1.0,17.0,52.0,15.0,4.0,2.0,0.25,0.2,,3.1,0.9,0.2,0.1,-0.3,-0.272,-16.8,-0.2
1370,2012,48,48,NYK,Kostas Papanikolaou,nan,2.0,69.0,1089.0,249.0,158.0,101.0,0.354,0.297,0.688,15.8,3.6,2.3,1.5,0.3,0.015,-2.7,-0.2
1371,2012,49,49,ORL,Kyle O'Quinn,Norfolk State,8.0,472.0,6714.0,2568.0,2166.0,643.0,0.517,0.218,0.74,14.2,5.4,4.6,1.4,17.8,0.128,0.9,5.0
1372,2012,50,50,DEN,İzzet Türkyılmaz,nan,,,,,,,,,,,,,,,,,
1373,2012,51,51,BOS,Kris Joseph,Syracuse,1.0,10.0,54.0,9.0,7.0,1.0,0.143,0.0,0.625,5.4,0.9,0.7,0.1,-0.1,-0.127,-9.9,-0.1
1374,2012,52,52,GSW,Ognjen Kuzmić,nan,2.0,37.0,164.0,35.0,38.0,8.0,0.52,,0.6,4.4,0.9,1.0,0.2,0.2,0.061,-5.6,-0.2
1375,2012,53,53,LAC,Furkan Aldemir,nan,1.0,41.0,540.0,93.0,176.0,28.0,0.513,0.0,0.481,13.2,2.3,4.3,0.7,1.4,0.122,-3.6,-0.2
1376,2012,54,54,PHI,Tornike Shengelia,nan,2.0,45.0,247.0,59.0,39.0,17.0,0.451,0.125,0.5,5.5,1.3,0.9,0.4,-0.2,-0.032,-7.0,-0.3
1377,2012,55,55,DAL,Darius Johnson-Odom,Marquette,2.0,7.0,21.0,0.0,6.0,2.0,0.0,0.0,0.0,3.0,0.0,0.9,0.3,-0.3,-0.597,-25.5,-0.1
1378,2012,56,56,TOR,Tomislav Zubčić,nan,,,,,,,,,,,,,,,,,
1379,2012,57,57,NJN,İlkan Karaman,nan,,,,,,,,,,,,,,,,,
1380,2012,58,58,MIN,Robbie Hummel,Purdue,2.0,98.0,1397.0,379.0,266.0,50.0,0.418,0.343,0.867,14.3,3.9,2.7,0.5,1.9,0.066,-3.1,-0.4
1381,2012,59,59,SAS,Marcus Denmon,Missouri,,,,,,,,,,,,,,,,,
1382,2012,60,60,LAL,Robert Sacre,Gonzaga,4.0,189.0,2745.0,787.0,593.0,126.0,0.436,0.0,0.671,14.5,4.2,3.1,0.7,2.4,0.042,-4.0,-1.4
1383,2013,1,1,CLE,Anthony Bennett,UNLV,4.0,151.0,1905.0,658.0,472.0,77.0,0.392,0.261,0.67,12.6,4.4,3.1,0.5,0.5,0.013,-4.8,-1.3
1384,2013,2,2,ORL,Victor Oladipo,Indiana,9.0,462.0,15141.0,8054.0,2117.0,1824.0,0.438,0.348,0.79,32.8,17.4,4.6,3.9,25.1,0.08,0.9,11.0
1385,2013,3,3,WAS,Otto Porter Jr.,Georgetown,9.0,504.0,13080.0,5336.0,2551.0,767.0,0.477,0.398,0.794,26.0,10.6,5.1,1.5,36.0,0.132,1.8,12.5
1386,2013,4,4,CHA,Cody Zeller,Indiana,9.0,494.0,10973.0,4202.0,2949.0,691.0,0.52,0.221,0.731,22.2,8.5,6.0,1.4,32.1,0.14,-0.6,4.0
1387,2013,5,5,PHO,Alex Len,Maryland,9.0,570.0,10769.0,4371.0,3341.0,489.0,0.507,0.329,0.683,18.9,7.7,5.9,0.9,21.6,0.096,-1.9,0.2
1388,2013,6,6,NOH,Nerlens Noel,Kentucky,8.0,450.0,10086.0,3303.0,2789.0,491.0,0.549,0.154,0.655,22.4,7.3,6.2,1.1,28.3,0.134,0.9,7.5
1389,2013,7,7,SAC,Ben McLemore,Kansas,9.0,556.0,12534.0,5015.0,1269.0,563.0,0.414,0.363,0.78,22.5,9.0,2.3,1.0,9.0,0.035,-3.1,-3.4
1390,2013,8,8,DET,Kentavious Caldwell-Pope,Georgia,9.0,683.0,19974.0,7911.0,2148.0,1150.0,0.421,0.36,0.813,29.2,11.6,3.1,1.7,34.6,0.083,-0.8,6.0
1391,2013,9,9,MIN,Trey Burke,Michigan,9.0,498.0,10401.0,4792.0,878.0,1522.0,0.41,0.345,0.81,20.9,9.6,1.8,3.1,12.9,0.06,-1.3,1.7
1392,2013,10,10,POR,CJ McCollum,Lehigh,9.0,590.0,18624.0,11341.0,2041.0,2044.0,0.455,0.396,0.81,31.6,19.2,3.5,3.5,40.3,0.104,1.3,15.7
1393,2013,11,11,PHI,Michael Carter-Williams,Syracuse,8.0,391.0,9898.0,4023.0,1713.0,1701.0,0.402,0.255,0.706,25.3,10.3,4.4,4.4,6.6,0.032,-1.2,1.9
1394,2013,12,12,OKC,Steven Adams,Pitt,9.0,664.0,17811.0,6157.0,5303.0,982.0,0.587,0.071,0.547,26.8,9.3,8.0,1.5,56.0,0.151,0.5,11.3
1395,2013,13,13,DAL,Kelly Olynyk,Gonzaga,9.0,610.0,13408.0,6146.0,3087.0,1248.0,0.476,0.365,0.782,22.0,10.1,5.1,2.0,35.3,0.126,0.9,9.8
1396,2013,14,14,UTA,Shabazz Muhammad,UCLA,5.0,278.0,4772.0,2504.0,770.0,151.0,0.473,0.319,0.751,17.2,9.0,2.8,0.5,8.5,0.085,-2.0,0.0
1397,2013,15,15,MIL,Giannis Antetokounmpo,nan,9.0,656.0,21354.0,14321.0,6149.0,3020.0,0.535,0.288,0.718,32.6,21.8,9.4,4.6,87.5,0.197,6.0,43.3
1398,2013,16,16,BOS,Lucas Nogueira,nan,4.0,141.0,1754.0,446.0,388.0,72.0,0.632,0.265,0.64,12.4,3.2,2.8,0.5,6.0,0.165,2.3,1.9
1399,2013,17,17,ATL,Dennis Schröder,nan,9.0,621.0,16447.0,8806.0,1829.0,2907.0,0.436,0.338,0.833,26.5,14.2,2.9,4.7,23.4,0.068,-1.2,3.4
1400,2013,18,18,ATL,Shane Larkin,Miami (FL),4.0,256.0,4880.0,1399.0,490.0,737.0,0.422,0.336,0.777,19.1,5.5,1.9,2.9,4.4,0.044,-2.4,-0.6
1401,2013,19,19,CLE,Sergey Karasev,nan,3.0,95.0,1110.0,287.0,140.0,87.0,0.395,0.282,0.842,11.7,3.0,1.5,0.9,0.8,0.036,-3.4,-0.4
1402,2013,20,20,CHI,Tony Snell,New Mexico,9.0,601.0,13093.0,3672.0,1371.0,669.0,0.431,0.394,0.846,21.8,6.1,2.3,1.1,18.5,0.068,-2.0,-0.1
1403,2013,21,21,UTA,Gorgui Dieng,Louisville,9.0,597.0,12267.0,4470.0,3427.0,784.0,0.5,0.367,0.791,20.5,7.5,5.7,1.3,30.7,0.12,0.4,7.3
1404,2013,22,22,BRK,Mason Plumlee,Duke,9.0,661.0,14769.0,5484.0,4378.0,1611.0,0.584,0.049,0.557,22.3,8.3,6.6,2.4,44.2,0.144,1.3,12.2
1405,2013,23,23,IND,Solomon Hill,Arizona,9.0,448.0,9652.0,2453.0,1399.0,662.0,0.388,0.331,0.797,21.5,5.5,3.1,1.5,11.9,0.059,-2.1,-0.3
1406,2013,24,24,NYK,Tim Hardaway Jr.,Michigan,9.0,586.0,15837.0,8149.0,1650.0,1095.0,0.422,0.358,0.812,27.0,13.9,2.8,1.9,25.8,0.078,-0.8,4.8
1407,2013,25,25,LAC,Reggie Bullock,UNC,9.0,434.0,9775.0,3382.0,1095.0,524.0,0.427,0.385,0.842,22.5,7.8,2.5,1.2,18.1,0.089,-0.8,3.0
1408,2013,26,26,MIN,Andre Roberson,Colorado,7.0,307.0,6801.0,1382.0,1230.0,265.0,0.473,0.253,0.468,22.2,4.5,4.0,0.9,12.6,0.089,-0.6,2.3
1409,2013,27,27,DEN,Rudy Gobert,nan,9.0,611.0,18301.0,7592.0,7119.0,807.0,0.653,0.0,0.638,30.0,12.4,11.7,1.3,86.6,0.227,4.0,27.8
1410,2013,28,28,SAS,Livio Jean-Charles,nan,,,,,,,,,,,,,,,,,
1411,2013,29,29,OKC,Archie Goodwin,Kentucky,4.0,165.0,2396.0,1040.0,331.0,206.0,0.429,0.236,0.7,14.5,6.3,2.0,1.2,1.1,0.022,-3.0,-0.6
1412,2013,30,30,PHO,Nemanja Nedović,nan,1.0,24.0,142.0,26.0,15.0,13.0,0.205,0.167,0.875,5.9,1.1,0.6,0.5,-0.4,-0.132,-10.0,-0.3
1413,2013,31,31,CLE,Allen Crabbe,California,7.0,381.0,9125.0,3453.0,1073.0,434.0,0.425,0.387,0.831,24.0,9.1,2.8,1.1,13.7,0.072,-1.6,0.9
1414,2013,32,32,OKC,Álex Abrines,nan,3.0,174.0,2777.0,924.0,248.0,88.0,0.387,0.368,0.88,16.0,5.3,1.4,0.5,5.0,0.086,-1.9,0.1
1415,2013,33,33,CLE,Carrick Felix,Arizona State,1.0,7.0,38.0,19.0,6.0,4.0,0.5,0.4,0.75,5.4,2.7,0.9,0.6,0.0,0.057,-3.4,0.0
1416,2013,34,34,HOU,Isaiah Canaan,Murray State,6.0,235.0,4799.0,1913.0,438.0,454.0,0.371,0.351,0.836,20.4,8.1,1.9,1.9,4.3,0.043,-2.4,-0.5
1417,2013,35,35,PHI,Glen Rice Jr.,Georgia Tech,2.0,16.0,152.0,43.0,24.0,9.0,0.269,0.25,0.692,9.5,2.7,1.5,0.6,-0.2,-0.065,-6.6,-0.2
1418,2013,36,36,SAC,Ray McCallum,Detroit Mercy,3.0,154.0,2808.0,920.0,306.0,368.0,0.408,0.335,0.711,18.2,6.0,2.0,2.4,2.1,0.035,-2.6,-0.4
1419,2013,37,37,DET,Tony Mitchell,University of North Texas,1.0,21.0,79.0,22.0,26.0,2.0,0.417,1.0,0.579,3.8,1.0,1.2,0.1,0.2,0.151,0.4,0.0
1420,2013,38,38,WAS,Nate Wolters,South Dakota State,3.0,84.0,1575.0,461.0,185.0,209.0,0.423,0.261,0.635,18.8,5.5,2.2,2.5,0.9,0.028,-2.6,-0.2
1421,2013,39,39,POR,Jeff Withey,Kansas,5.0,206.0,2072.0,666.0,518.0,64.0,0.525,0.143,0.716,10.1,3.2,2.5,0.3,6.8,0.157,0.5,1.3
1422,2013,40,40,POR,Grant Jerrett,Arizona,1.0,8.0,51.0,16.0,9.0,3.0,0.269,0.067,1.0,6.4,2.0,1.1,0.4,-0.1,-0.128,-10.8,-0.1
1423,2013,41,41,MEM,Jamaal Franklin,San Diego State,2.0,24.0,174.0,42.0,25.0,9.0,0.415,0.462,1.0,7.3,1.8,1.0,0.4,0.0,-0.006,-5.9,-0.2
1424,2013,42,42,PHI,Pierre Jackson,Baylor,1.0,8.0,84.0,35.0,9.0,19.0,0.333,0.273,0.857,10.5,4.4,1.1,2.4,0.0,0.021,-4.4,-0.1
1425,2013,43,43,MIL,Ricky Ledo,Providence,2.0,28.0,277.0,109.0,38.0,21.0,0.336,0.371,0.769,9.9,3.9,1.4,0.8,-0.6,-0.096,-7.6,-0.4
1426,2013,44,44,DAL,Mike Muscala,Bucknell,9.0,432.0,6694.0,2666.0,1371.0,378.0,0.458,0.377,0.847,15.5,6.2,3.2,0.9,16.6,0.119,0.2,3.8
1427,2013,45,45,POR,Marko Todorović,nan,,,,,,,,,,,,,,,,,
1428,2013,46,46,UTA,Erick Green,Virginia Tech,2.0,52.0,452.0,159.0,37.0,42.0,0.377,0.288,0.857,8.7,3.1,0.7,0.8,0.1,0.011,-4.0,-0.2
1429,2013,47,47,ATL,Raul Neto,nan,7.0,387.0,6260.0,2313.0,612.0,834.0,0.455,0.366,0.804,16.2,6.0,1.6,2.2,10.1,0.077,-1.6,0.6
1430,2013,48,48,LAL,Ryan Kelly,Duke,4.0,163.0,3125.0,981.0,504.0,215.0,0.378,0.316,0.797,19.2,6.0,3.1,1.3,3.0,0.046,-2.6,-0.5
1431,2013,49,49,CHI,Erik Murphy,Florida,1.0,24.0,62.0,6.0,8.0,2.0,0.231,0.0,,2.6,0.3,0.3,0.1,-0.1,-0.055,-8.6,-0.1
1432,2013,50,50,ATL,James Ennis III,Cal State Long Beach,8.0,395.0,8022.0,2629.0,1306.0,373.0,0.457,0.36,0.797,20.3,6.7,3.3,0.9,16.2,0.097,-1.5,0.9
1433,2013,51,51,ORL,Romero Osby,Oklahoma,,,,,,,,,,,,,,,,,
1434,2013,52,52,MIN,Lorenzo Brown,NC State,5.0,103.0,1185.0,293.0,151.0,183.0,0.364,0.17,0.707,11.5,2.8,1.5,1.8,-0.2,-0.007,-3.5,-0.5
1435,2013,53,53,IND,Colton Iverson,Colorado State,,,,,,,,,,,,,,,,,
1436,2013,54,54,WAS,Arsalan Kazemi,Oregon,,,,,,,,,,,,,,,,,
1437,2013,55,55,MEM,Joffrey Lauvergne,nan,4.0,208.0,2823.0,1159.0,789.0,180.0,0.479,0.285,0.719,13.6,5.6,3.8,0.9,5.2,0.089,-2.1,-0.1
1438,2013,56,56,DET,Peyton Siva,Louisville,1.0,24.0,224.0,54.0,14.0,34.0,0.316,0.28,0.733,9.3,2.3,0.6,1.4,-0.2,-0.032,-6.4,-0.2
1439,2013,57,57,PHO,Alex Oriakhi,Missouri,,,,,,,,,,,,,,,,,
1440,2013,58,58,SAS,Deshaun Thomas,Ohio State,,,,,,,,,,,,,,,,,
1441,2013,59,59,MIN,Bojan Dubljević,nan,,,,,,,,,,,,,,,,,
1442,2013,60,60,MEM,Jānis Timma,nan,,,,,,,,,,,,,,,,,
1443,2014,1,1,CLE,Andrew Wiggins,Kansas,8.0,598.0,20935.0,11519.0,2649.0,1393.0,0.448,0.35,0.723,35.0,19.3,4.4,2.3,24.0,0.055,-1.5,2.6
1444,2014,2,2,MIL,Jabari Parker,Duke,8.0,310.0,8535.0,4380.0,1703.0,610.0,0.494,0.326,0.743,27.5,14.1,5.5,2.0,13.8,0.078,-0.8,2.5
1445,2014,3,3,PHI,Joel Embiid,Kansas,6.0,328.0,10240.0,8535.0,3732.0,1080.0,0.49,0.338,0.81,31.2,26.0,11.4,3.3,43.7,0.205,5.9,20.4
1446,2014,4,4,ORL,Aaron Gordon,Arizona,8.0,528.0,15277.0,6887.0,3310.0,1313.0,0.46,0.323,0.702,28.9,13.0,6.3,2.5,28.8,0.09,-0.1,7.3
1447,2014,5,5,UTA,Dante Exum,nan,6.0,245.0,4545.0,1389.0,441.0,515.0,0.407,0.305,0.764,18.6,5.7,1.8,2.1,3.1,0.032,-3.3,-1.5
1448,2014,6,6,BOS,Marcus Smart,Oklahoma State,8.0,520.0,15484.0,5438.0,1867.0,2318.0,0.382,0.321,0.78,29.8,10.5,3.6,4.5,29.5,0.092,-0.2,7.2
1449,2014,7,7,LAL,Julius Randle,Kentucky,8.0,518.0,16145.0,9191.0,4814.0,1842.0,0.472,0.332,0.743,31.2,17.7,9.3,3.6,31.4,0.093,0.4,9.7
1450,2014,8,8,SAC,Nik Stauskas,Michigan,6.0,343.0,6701.0,2290.0,691.0,515.0,0.389,0.354,0.812,19.5,6.7,2.0,1.5,3.9,0.028,-3.0,-1.7
1451,2014,9,9,CHH,Noah Vonleh,Indiana,7.0,339.0,5683.0,1660.0,1742.0,257.0,0.459,0.308,0.691,16.8,4.9,5.1,0.8,9.2,0.078,-2.4,-0.6
1452,2014,10,10,PHI,Elfrid Payton,Louisiana,8.0,500.0,13383.0,5036.0,2007.0,2868.0,0.447,0.287,0.623,26.8,10.1,4.0,5.7,15.8,0.057,-0.9,3.7
1453,2014,11,11,DEN,Doug McDermott,Creighton,8.0,527.0,11012.0,4846.0,1236.0,496.0,0.476,0.409,0.82,20.9,9.2,2.3,0.9,19.2,0.084,-1.9,0.4
1454,2014,12,12,ORL,Dario Šarić,nan,5.0,356.0,8965.0,4180.0,2086.0,699.0,0.441,0.357,0.838,25.2,11.7,5.9,2.0,16.4,0.088,-0.8,2.6
1455,2014,13,13,MIN,Zach LaVine,UCLA,8.0,478.0,15219.0,9466.0,1876.0,1860.0,0.461,0.386,0.83,31.8,19.8,3.9,3.9,23.7,0.075,0.5,9.5
1456,2014,14,14,PHO,T.J. Warren,NC State,7.0,332.0,9553.0,5142.0,1372.0,397.0,0.507,0.357,0.78,28.8,15.5,4.1,1.2,19.6,0.099,-0.2,4.2
1457,2014,15,15,ATL,Adreian Payne,Michigan State,4.0,107.0,1403.0,429.0,315.0,66.0,0.406,0.254,0.68,13.1,4.0,2.9,0.6,-0.6,-0.019,-5.9,-1.4
1458,2014,16,16,CHI,Jusuf Nurkić,nan,8.0,411.0,9815.0,5015.0,3513.0,903.0,0.5,0.232,0.672,23.9,12.2,8.5,2.2,23.3,0.114,0.5,6.1
1459,2014,17,17,BOS,James Young,Kentucky,4.0,95.0,812.0,219.0,96.0,28.0,0.367,0.277,0.563,8.5,2.3,1.0,0.3,0.8,0.046,-3.4,-0.3
1460,2014,18,18,PHO,Tyler Ennis,Syracuse,4.0,186.0,2336.0,779.0,250.0,359.0,0.419,0.317,0.768,12.6,4.2,1.3,1.9,1.3,0.026,-3.4,-0.8
1461,2014,19,19,CHI,Gary Harris,Michigan State,8.0,468.0,13473.0,5526.0,1162.0,965.0,0.448,0.363,0.812,28.8,11.8,2.5,2.1,20.8,0.074,-1.4,2.1
1462,2014,20,20,TOR,Bruno Caboclo,nan,7.0,105.0,1293.0,442.0,268.0,72.0,0.403,0.308,0.836,12.3,4.2,2.6,0.7,1.5,0.054,-2.7,-0.2
1463,2014,21,21,OKC,Mitch McGary,Michigan,2.0,52.0,557.0,227.0,183.0,17.0,0.527,0.0,0.58,10.7,4.4,3.5,0.3,1.3,0.108,-2.6,-0.1
1464,2014,22,22,MEM,Jordan Adams,UCLA,2.0,32.0,263.0,101.0,30.0,19.0,0.402,0.385,0.607,8.2,3.2,0.9,0.6,0.4,0.07,1.7,0.2
1465,2014,23,23,UTA,Rodney Hood,Duke,8.0,448.0,10977.0,4656.0,1160.0,736.0,0.42,0.366,0.841,24.5,10.4,2.6,1.6,17.4,0.076,-1.2,2.2
1466,2014,24,24,CHH,Shabazz Napier,UConn,6.0,345.0,5986.0,2433.0,657.0,849.0,0.397,0.345,0.815,17.4,7.1,1.9,2.5,8.1,0.065,-0.7,2.0
1467,2014,25,25,HOU,Clint Capela,nan,8.0,471.0,12614.0,5851.0,5023.0,465.0,0.624,0.0,0.527,26.8,12.4,10.7,1.0,52.9,0.201,2.0,12.8
1468,2014,26,26,MIA,P.J. Hairston,UNC,2.0,111.0,2000.0,664.0,266.0,59.0,0.343,0.295,0.81,18.0,6.0,2.4,0.5,0.9,0.021,-3.9,-1.0
1469,2014,27,27,PHO,Bogdan Bogdanović,nan,5.0,316.0,9041.0,4501.0,1083.0,1073.0,0.439,0.384,0.822,28.6,14.2,3.4,3.4,16.2,0.086,0.4,5.5
1470,2014,28,28,LAC,C.J. Wilcox,Washington,3.0,66.0,376.0,132.0,31.0,30.0,0.37,0.333,0.813,5.7,2.0,0.5,0.5,0.1,0.007,-4.3,-0.2
1471,2014,29,29,OKC,Josh Huestis,Stanford,3.0,76.0,1068.0,187.0,180.0,23.0,0.346,0.312,0.24,14.1,2.5,2.4,0.3,0.7,0.03,-3.5,-0.4
1472,2014,30,30,SAS,Kyle Anderson,UCLA,8.0,505.0,10583.0,3366.0,2220.0,1167.0,0.476,0.334,0.711,21.0,6.7,4.4,2.3,27.0,0.122,1.7,10.0
1473,2014,31,31,MIL,Damien Inglis,nan,1.0,20.0,156.0,36.0,31.0,10.0,0.351,0.231,0.875,7.8,1.8,1.6,0.5,-0.1,-0.024,-5.6,-0.1
1474,2014,32,32,PHI,K.J. McDaniels,Clemson,3.0,148.0,2092.0,782.0,324.0,95.0,0.412,0.29,0.776,14.1,5.3,2.2,0.6,1.3,0.03,-2.8,-0.4
1475,2014,33,33,CLE,Joe Harris,Virginia,8.0,414.0,10601.0,4584.0,1344.0,679.0,0.483,0.439,0.78,25.6,11.1,3.2,1.6,20.5,0.093,-0.5,3.9
1476,2014,34,34,NYK,Cleanthony Early,Wichita State,2.0,56.0,801.0,241.0,123.0,42.0,0.346,0.263,0.75,14.3,4.3,2.2,0.8,-0.6,-0.039,-5.9,-0.8
1477,2014,35,35,UTA,Jarnell Stokes,Tennessee,3.0,28.0,151.0,67.0,40.0,7.0,0.581,,0.531,5.4,2.4,1.4,0.3,0.6,0.202,0.1,0.1
1478,2014,36,36,MIL,Johnny O'Bryant,LSU,4.0,147.0,1684.0,509.0,352.0,69.0,0.402,0.36,0.663,11.5,3.5,2.4,0.5,0.2,0.006,-6.2,-1.8
1479,2014,37,37,TOR,DeAndre Daniels,UConn,,,,,,,,,,,,,,,,,
1480,2014,38,38,DET,Spencer Dinwiddie,Colorado,8.0,387.0,10206.0,5042.0,1167.0,1933.0,0.411,0.322,0.791,26.4,13.0,3.0,5.0,22.5,0.106,0.3,6.0
1481,2014,39,39,PHI,Jerami Grant,Syracuse,8.0,555.0,14454.0,6329.0,2189.0,747.0,0.452,0.349,0.723,26.0,11.4,3.9,1.3,28.1,0.093,-0.4,5.7
1482,2014,40,40,MIN,Glenn Robinson III,Michigan,7.0,304.0,5299.0,1804.0,776.0,238.0,0.457,0.373,0.779,17.4,5.9,2.6,0.8,7.9,0.071,-1.7,0.4
1483,2014,41,41,DEN,Nikola Jokić,nan,7.0,527.0,16018.0,10364.0,5456.0,3281.0,0.542,0.345,0.83,30.4,19.7,10.4,6.2,79.6,0.239,8.9,44.0
1484,2014,42,42,HOU,Nick Johnson,Arizona,1.0,28.0,262.0,74.0,39.0,11.0,0.347,0.238,0.68,9.4,2.6,1.4,0.4,-0.1,-0.02,-6.5,-0.3
1485,2014,43,43,ATL,Edy Tavares,nan,2.0,13.0,101.0,33.0,32.0,4.0,0.625,,0.273,7.8,2.5,2.5,0.3,0.2,0.118,-0.4,0.0
1486,2014,44,44,MIN,Markel Brown,Oklahoma State,3.0,113.0,1794.0,584.0,234.0,132.0,0.38,0.295,0.781,15.9,5.2,2.1,1.2,1.1,0.029,-2.9,-0.4
1487,2014,45,45,CHH,Dwight Powell,Stanford,8.0,511.0,9720.0,3926.0,2349.0,524.0,0.585,0.296,0.751,19.0,7.7,4.6,1.0,38.0,0.188,1.3,8.0
1488,2014,46,46,WAS,Jordan Clarkson,Missouri,8.0,600.0,16191.0,9216.0,1971.0,1526.0,0.439,0.338,0.827,27.0,15.4,3.3,2.5,21.7,0.064,-0.5,6.2
1489,2014,47,47,PHI,Russ Smith,Louisville,2.0,27.0,131.0,53.0,15.0,19.0,0.319,0.188,0.769,4.9,2.0,0.6,0.7,-0.2,-0.068,-5.1,-0.1
1490,2014,48,48,MIL,Lamar Patterson,Pitt,2.0,40.0,435.0,93.0,57.0,45.0,0.326,0.236,0.72,10.9,2.3,1.4,1.1,0.1,0.006,-5.7,-0.4
1491,2014,49,49,CHI,Cameron Bairstow,New Mexico,2.0,36.0,167.0,44.0,36.0,7.0,0.296,0.2,0.846,4.6,1.2,1.0,0.2,-0.1,-0.021,-8.1,-0.3
1492,2014,50,50,PHO,Alec Brown,Green Bay,,,,,,,,,,,,,,,,,
1493,2014,51,51,NYK,Thanasis Antetokounmpo,nan,4.0,127.0,1159.0,398.0,250.0,83.0,0.517,0.167,0.545,9.1,3.1,2.0,0.7,1.8,0.075,-3.4,-0.4
1494,2014,52,52,PHI,Vasilije Micić,nan,,,,,,,,,,,,,,,,,
1495,2014,53,53,MIN,Alessandro Gentile,nan,,,,,,,,,,,,,,,,,
1496,2014,54,54,PHI,Nemanja Dangubić,nan,,,,,,,,,,,,,,,,,
1497,2014,55,55,MIA,Semaj Christon,Xavier,1.0,64.0,973.0,183.0,87.0,130.0,0.345,0.19,0.548,15.2,2.9,1.4,2.0,0.1,0.006,-5.1,-0.8
1498,2014,56,56,DEN,Devyn Marble,Iowa,2.0,44.0,457.0,97.0,69.0,29.0,0.304,0.222,0.375,10.4,2.2,1.6,0.7,-0.3,-0.028,-5.5,-0.4
1499,2014,57,57,IND,Louis Labeyrie,nan,,,,,,,,,,,,,,,,,
1500,2014,58,58,SAS,Jordan McRae,Tennessee,4.0,123.0,1696.0,846.0,225.0,167.0,0.417,0.355,0.772,13.8,6.9,1.8,1.4,1.7,0.048,-2.1,0.0
1501,2014,59,59,TOR,Xavier Thames,San Diego State,,,,,,,,,,,,,,,,,
1502,2014,60,60,SAS,Cory Jefferson,Baylor,2.0,58.0,581.0,205.0,161.0,16.0,0.444,0.125,0.583,10.0,3.5,2.8,0.3,0.9,0.071,-3.3,-0.2
1503,2015,1,1,MIN,Karl-Anthony Towns,Kentucky,7.0,482.0,16472.0,11170.0,5465.0,1486.0,0.527,0.397,0.833,34.2,23.2,11.3,3.1,66.1,0.193,4.8,28.3
1504,2015,2,2,LAL,D'Angelo Russell,Ohio State,7.0,424.0,12477.0,7504.0,1503.0,2370.0,0.42,0.356,0.781,29.4,17.7,3.5,5.6,14.4,0.055,0.5,8.0
1505,2015,3,3,PHI,Jahlil Okafor,Duke,6.0,247.0,4827.0,2566.0,1169.0,225.0,0.542,0.222,0.676,19.5,10.4,4.7,0.9,7.2,0.071,-2.0,0.0
1506,2015,4,4,NYK,Kristaps Porziņģis,nan,6.0,337.0,10386.0,6371.0,2649.0,537.0,0.444,0.353,0.82,30.8,18.9,7.9,1.6,27.1,0.125,1.7,9.6
1507,2015,5,5,ORL,Mario Hezonja,nan,5.0,330.0,6107.0,2284.0,1026.0,415.0,0.417,0.319,0.812,18.5,6.9,3.1,1.3,3.2,0.025,-2.8,-1.2
1508,2015,6,6,SAC,Willie Cauley-Stein,Kentucky,7.0,422.0,9276.0,3675.0,2470.0,598.0,0.544,0.188,0.612,22.0,8.7,5.9,1.4,23.3,0.121,-0.1,4.4
1509,2015,7,7,DEN,Emmanuel Mudiay,nan,6.0,302.0,7187.0,3299.0,884.0,1143.0,0.401,0.323,0.744,23.8,10.9,2.9,3.8,-0.2,-0.001,-3.2,-2.2
1510,2015,8,8,DET,Stanley Johnson,Arizona,7.0,419.0,8410.0,2632.0,1309.0,612.0,0.384,0.3,0.754,20.1,6.3,3.1,1.5,6.2,0.035,-2.8,-1.7
1511,2015,9,9,CHO,Frank Kaminsky,Wisconsin,7.0,377.0,7925.0,3541.0,1527.0,619.0,0.429,0.348,0.743,21.0,9.4,4.1,1.6,15.2,0.092,-0.3,3.4
1512,2015,10,10,MIA,Justise Winslow,Duke,7.0,315.0,8129.0,2633.0,1615.0,791.0,0.413,0.315,0.634,25.8,8.4,5.1,2.5,7.8,0.046,-2.1,-0.2
1513,2015,11,11,IND,Myles Turner,Texas,7.0,431.0,12379.0,5485.0,2879.0,513.0,0.489,0.349,0.768,28.7,12.7,6.7,1.2,32.8,0.127,0.6,8.2
1514,2015,12,12,UTA,Trey Lyles,Kentucky,7.0,449.0,8217.0,3503.0,1953.0,477.0,0.441,0.338,0.737,18.3,7.8,4.3,1.1,14.5,0.085,-1.0,2.0
1515,2015,13,13,PHO,Devin Booker,Kentucky,7.0,477.0,16072.0,11217.0,1865.0,2228.0,0.457,0.357,0.87,33.7,23.5,3.9,4.7,29.9,0.089,0.5,10.2
1516,2015,14,14,OKC,Cameron Payne,Murray State,7.0,279.0,4994.0,2132.0,624.0,905.0,0.421,0.362,0.83,17.9,7.6,2.2,3.2,8.2,0.079,-0.4,2.0
1517,2015,15,15,ATL,Kelly Oubre Jr.,Kansas,7.0,479.0,12061.0,5769.0,2074.0,484.0,0.434,0.331,0.749,25.2,12.0,4.3,1.0,17.6,0.07,-1.8,0.5
1518,2015,16,16,BOS,Terry Rozier,Louisville,7.0,477.0,12438.0,6039.0,1866.0,1509.0,0.417,0.376,0.822,26.1,12.7,3.9,3.2,24.0,0.093,0.6,8.2
1519,2015,17,17,MIL,Rashad Vaughn,UNLV,3.0,139.0,1671.0,423.0,158.0,75.0,0.337,0.313,0.692,12.0,3.0,1.1,0.5,-0.6,-0.017,-4.7,-1.2
1520,2015,18,18,HOU,Sam Dekker,Wisconsin,5.0,201.0,3097.0,1094.0,607.0,160.0,0.478,0.288,0.606,15.4,5.4,3.0,0.8,5.4,0.083,-1.4,0.5
1521,2015,19,19,WAS,Jerian Grant,Notre Dame,5.0,279.0,4998.0,1692.0,530.0,805.0,0.411,0.323,0.77,17.9,6.1,1.9,2.9,8.3,0.08,-1.6,0.5
1522,2015,20,20,TOR,Delon Wright,Utah,7.0,411.0,8577.0,2952.0,1318.0,1246.0,0.453,0.354,0.799,20.9,7.2,3.2,3.0,22.8,0.128,2.1,8.9
1523,2015,21,21,DAL,Justin Anderson,Virginia,6.0,242.0,3280.0,1284.0,621.0,184.0,0.41,0.292,0.775,13.6,5.3,2.6,0.8,4.9,0.072,-1.5,0.4
1524,2015,22,22,CHI,Bobby Portis,Arkansas,7.0,453.0,9837.0,5021.0,2995.0,537.0,0.47,0.383,0.752,21.7,11.1,6.6,1.2,21.1,0.103,-0.6,3.5
1525,2015,23,23,POR,Rondae Hollis-Jefferson,Arizona,6.0,305.0,6759.0,2760.0,1684.0,579.0,0.449,0.212,0.735,22.2,9.0,5.5,1.9,12.9,0.091,-0.7,2.3
1526,2015,24,24,CLE,Tyus Jones,Duke,7.0,455.0,8377.0,2807.0,799.0,1691.0,0.435,0.352,0.818,18.4,6.2,1.8,3.7,19.3,0.111,0.4,5.1
1527,2015,25,25,MEM,Jarell Martin,LSU,4.0,184.0,2927.0,998.0,639.0,114.0,0.434,0.346,0.766,15.9,5.4,3.5,0.6,3.2,0.053,-4.3,-1.7
1528,2015,26,26,SAS,Nikola Milutinov,nan,,,,,,,,,,,,,,,,,
1529,2015,27,27,LAL,Larry Nance Jr.,Wyoming,7.0,396.0,9527.0,3210.0,2577.0,747.0,0.529,0.333,0.689,24.1,8.1,6.5,1.9,24.4,0.123,1.0,7.3
1530,2015,28,28,BOS,R.J. Hunter,Georgia State University,4.0,45.0,395.0,133.0,46.0,19.0,0.371,0.295,0.818,8.8,3.0,1.0,0.4,0.4,0.051,-2.0,0.0
1531,2015,29,29,BRK,Chris McCullough,Syracuse,3.0,59.0,532.0,194.0,112.0,15.0,0.426,0.306,0.548,9.0,3.3,1.9,0.3,0.6,0.054,-2.5,-0.1
1532,2015,30,30,GSW,Kevon Looney,UCLA,7.0,367.0,6014.0,1721.0,1750.0,498.0,0.567,0.172,0.606,16.4,4.7,4.8,1.4,20.4,0.163,-0.2,2.7
1533,2015,31,31,MIN,Cedi Osman,nan,5.0,327.0,7998.0,3269.0,1055.0,699.0,0.423,0.349,0.718,24.5,10.0,3.2,2.1,7.3,0.044,-2.4,-0.8
1534,2015,32,32,HOU,Montrezl Harrell,Louisville,7.0,458.0,9864.0,5900.0,2429.0,642.0,0.62,0.117,0.662,21.5,12.9,5.3,1.4,40.7,0.198,2.9,12.1
1535,2015,33,33,BOS,Jordan Mickey,LSU,3.0,64.0,482.0,152.0,128.0,17.0,0.449,0.118,0.605,7.5,2.4,2.0,0.3,0.5,0.05,-4.8,-0.3
1536,2015,34,34,LAL,Anthony Brown,Stanford,3.0,41.0,762.0,161.0,103.0,28.0,0.328,0.286,0.85,18.6,3.9,2.5,0.7,-0.2,-0.016,-5.1,-0.6
1537,2015,35,35,PHI,Willy Hernangómez,nan,6.0,306.0,4691.0,2262.0,1802.0,331.0,0.534,0.309,0.702,15.3,7.4,5.9,1.1,14.6,0.15,0.1,2.5
1538,2015,36,36,MIN,Rakeem Christmas,Syracuse,2.0,30.0,225.0,63.0,57.0,4.0,0.467,,0.724,7.5,2.1,1.9,0.1,0.5,0.105,-4.7,-0.2
1539,2015,37,37,PHI,Richaun Holmes,Bowling Green,7.0,376.0,7923.0,3605.0,2167.0,403.0,0.605,0.256,0.746,21.1,9.6,5.8,1.1,26.6,0.161,0.4,4.8
1540,2015,38,38,DET,Darrun Hilliard,Villanova,3.0,91.0,859.0,295.0,85.0,71.0,0.377,0.304,0.747,9.4,3.2,0.9,0.8,0.3,0.016,-4.7,-0.6
1541,2015,39,39,CHO,Juan Pablo Vaulet,nan,,,,,,,,,,,,,,,,,
1542,2015,40,40,MIA,Josh Richardson,Tennessee,7.0,438.0,13032.0,5270.0,1377.0,1172.0,0.428,0.365,0.839,29.8,12.0,3.1,2.7,23.8,0.088,-0.4,5.2
1543,2015,41,41,BRK,Pat Connaughton,Notre Dame,7.0,417.0,7717.0,2469.0,1392.0,521.0,0.445,0.365,0.797,18.5,5.9,3.3,1.2,18.1,0.112,0.0,3.9
1544,2015,42,42,UTA,Olivier Hanlan,Boston College,,,,,,,,,,,,,,,,,
1545,2015,43,43,IND,Joe Young,Oregon,3.0,127.0,1077.0,429.0,130.0,119.0,0.393,0.296,0.768,8.5,3.4,1.0,0.9,0.4,0.016,-4.1,-0.6
1546,2015,44,44,PHO,Andrew Harrison,Kentucky,3.0,145.0,2987.0,1012.0,287.0,399.0,0.373,0.294,0.779,20.6,7.0,2.0,2.8,3.2,0.051,-2.8,-0.6
1547,2015,45,45,BOS,Marcus Thornton,William & Mary,,,,,,,,,,,,,,,,,
1548,2015,46,46,MIL,Norman Powell,UCLA,7.0,421.0,9423.0,4776.0,1088.0,625.0,0.463,0.384,0.831,22.4,11.3,2.6,1.5,19.5,0.099,-0.1,4.4
1549,2015,47,47,PHI,Artūras Gudaitis,nan,,,,,,,,,,,,,,,,,
1550,2015,48,48,OKC,Dakari Johnson,Kentucky,1.0,31.0,161.0,55.0,34.0,8.0,0.564,,0.55,5.2,1.8,1.1,0.3,0.6,0.178,-0.3,0.1
1551,2015,49,49,WAS,Aaron White,Iowa,,,,,,,,,,,,,,,,,
1552,2015,50,50,ATL,Marcus Eriksson,nan,,,,,,,,,,,,,,,,,
1553,2015,51,51,ORL,Tyler Harvey,Eastern Washington,,,,,,,,,,,,,,,,,
1554,2015,52,52,DAL,Satnam Singh,nan,,,,,,,,,,,,,,,,,
1555,2015,53,53,CLE,Sir'Dominic Pointer,St. John's,,,,,,,,,,,,,,,,,
1556,2015,54,54,UTA,Dani Díez,nan,,,,,,,,,,,,,,,,,
1557,2015,55,55,SAS,Cady Lalanne,UMass,,,,,,,,,,,,,,,,,
1558,2015,56,56,NOP,Branden Dawson,Michigan State,1.0,6.0,29.0,5.0,4.0,0.0,0.4,,1.0,4.8,0.8,0.7,0.0,0.0,0.069,-5.7,0.0
1559,2015,57,57,DEN,Nikola Radičević,nan,,,,,,,,,,,,,,,,,
1560,2015,58,58,PHI,J.P. Tokoto,UNC,,,,,,,,,,,,,,,,,
1561,2015,59,59,ATL,Dimitrios Agravanis,nan,,,,,,,,,,,,,,,,,
1562,2015,60,60,PHI,Luka Mitrović,nan,,,,,,,,,,,,,,,,,
1563,2016,1,1,PHI,Ben Simmons,LSU,4.0,275.0,9326.0,4382.0,2217.0,2127.0,0.56,0.147,0.597,33.9,15.9,8.1,7.7,30.4,0.156,3.7,13.5
1564,2016,2,2,LAL,Brandon Ingram,Duke,6.0,368.0,12080.0,6812.0,1896.0,1412.0,0.461,0.36,0.769,32.8,18.5,5.2,3.8,18.7,0.074,-0.3,5.2
1565,2016,3,3,BOS,Jaylen Brown,California,6.0,403.0,11559.0,6644.0,1994.0,822.0,0.473,0.373,0.712,28.7,16.5,4.9,2.0,24.5,0.102,0.1,6.1
1566,2016,4,4,PHO,Dragan Bender,nan,4.0,187.0,3755.0,1014.0,720.0,237.0,0.399,0.323,0.654,20.1,5.4,3.9,1.3,0.5,0.006,-3.9,-1.9
1567,2016,5,5,MIN,Kris Dunn,Providence,6.0,245.0,5897.0,1995.0,815.0,1029.0,0.42,0.299,0.739,24.1,8.1,3.3,4.2,3.9,0.031,-2.1,-0.2
1568,2016,6,6,NOP,Buddy Hield,Oklahoma,6.0,468.0,13675.0,7463.0,2003.0,1180.0,0.43,0.398,0.865,29.2,15.9,4.3,2.5,17.1,0.06,0.1,7.3
1569,2016,7,7,DEN,Jamal Murray,Kentucky,5.0,345.0,10384.0,5639.0,1258.0,1322.0,0.446,0.367,0.878,30.1,16.3,3.6,3.8,20.8,0.096,0.3,6.0
1570,2016,8,8,SAC,Marquese Chriss,Washington,6.0,292.0,5338.0,2206.0,1366.0,298.0,0.456,0.29,0.667,18.3,7.6,4.7,1.0,6.5,0.058,-2.4,-0.5
1571,2016,9,9,TOR,Jakob Poeltl,Utah,6.0,416.0,8409.0,3035.0,2524.0,601.0,0.628,0.667,0.518,20.2,7.3,6.1,1.4,28.9,0.165,1.0,6.4
1572,2016,10,10,MIL,Thon Maker,nan,5.0,263.0,3624.0,1216.0,726.0,161.0,0.435,0.327,0.68,13.8,4.6,2.8,0.6,6.6,0.087,-2.1,-0.1
1573,2016,11,11,ORL,Domantas Sabonis,Gonzaga,6.0,415.0,11806.0,5961.0,3815.0,1493.0,0.534,0.319,0.728,28.4,14.4,9.2,3.6,34.6,0.141,1.7,11.1
1574,2016,12,12,UTA,Taurean Prince,Baylor,6.0,370.0,8936.0,3899.0,1442.0,647.0,0.416,0.371,0.815,24.2,10.5,3.9,1.7,8.3,0.045,-1.8,0.5
1575,2016,13,13,PHO,Georgios Papagiannis,nan,2.0,39.0,477.0,160.0,123.0,29.0,0.514,0.0,0.857,12.2,4.1,3.2,0.7,0.4,0.044,-3.9,-0.2
1576,2016,14,14,CHI,Denzel Valentine,Michigan State,5.0,256.0,4817.0,1795.0,857.0,466.0,0.394,0.36,0.787,18.8,7.0,3.3,1.8,4.5,0.044,-1.9,0.2
1577,2016,15,15,DEN,Juancho Hernangómez,nan,6.0,297.0,4655.0,1589.0,1008.0,191.0,0.428,0.351,0.681,15.7,5.4,3.4,0.6,8.1,0.083,-1.8,0.3
1578,2016,16,16,BOS,Guerschon Yabusele,nan,2.0,74.0,486.0,173.0,105.0,31.0,0.442,0.323,0.682,6.6,2.3,1.4,0.4,1.1,0.105,-1.9,0.0
1579,2016,17,17,MEM,Wade Baldwin,Vanderbilt,3.0,56.0,579.0,174.0,69.0,78.0,0.355,0.25,0.776,10.3,3.1,1.2,1.4,-0.3,-0.028,-5.3,-0.5
1580,2016,18,18,DET,Henry Ellenson,Marquette,5.0,83.0,787.0,342.0,206.0,49.0,0.371,0.336,0.773,9.5,4.1,2.5,0.6,0.4,0.023,-3.7,-0.3
1581,2016,19,19,DEN,Malik Beasley,Florida State,6.0,336.0,7026.0,3488.0,825.0,418.0,0.43,0.386,0.816,20.9,10.4,2.5,1.2,10.5,0.071,-0.9,2.0
1582,2016,20,20,IND,Caris LeVert,Michigan,6.0,318.0,8761.0,4649.0,1216.0,1257.0,0.437,0.333,0.737,27.6,14.6,3.8,4.0,11.9,0.065,-0.5,3.3
1583,2016,21,21,ATL,DeAndre' Bembry,Saint Joseph's,6.0,296.0,5670.0,1750.0,950.0,533.0,0.474,0.283,0.611,19.2,5.9,3.2,1.8,4.4,0.038,-2.3,-0.4
1584,2016,22,22,CHO,Malachi Richardson,Syracuse,3.0,70.0,625.0,198.0,70.0,24.0,0.358,0.301,0.783,8.9,2.8,1.0,0.3,-0.1,-0.009,-6.1,-0.7
1585,2016,23,23,BOS,Ante Žižić,nan,3.0,113.0,1517.0,674.0,446.0,64.0,0.581,,0.711,13.4,6.0,3.9,0.6,3.5,0.11,-2.6,-0.2
1586,2016,24,24,PHI,Timothé Luwawu-Cabarrot,nan,6.0,328.0,5254.0,1937.0,656.0,293.0,0.391,0.335,0.829,16.0,5.9,2.0,0.9,4.7,0.043,-4.0,-2.7
1587,2016,25,25,LAC,Brice Johnson,UNC,2.0,21.0,107.0,47.0,34.0,3.0,0.449,0.0,0.6,5.1,2.2,1.6,0.1,0.1,0.062,-0.6,0.0
1588,2016,26,26,PHI,Furkan Korkmaz,nan,5.0,256.0,4794.0,2016.0,574.0,344.0,0.405,0.355,0.769,18.7,7.9,2.2,1.3,7.1,0.071,-1.8,0.3
1589,2016,27,27,TOR,Pascal Siakam,New Mexico State,6.0,400.0,11780.0,6290.0,2522.0,1241.0,0.489,0.328,0.774,29.5,15.7,6.3,3.1,33.3,0.136,1.8,11.1
1590,2016,28,28,PHO,Skal Labissière,Kentucky,4.0,148.0,2595.0,1069.0,662.0,152.0,0.492,0.353,0.748,17.5,7.2,4.5,1.0,4.4,0.081,-2.3,-0.2
1591,2016,29,29,SAS,Dejounte Murray,Washington,5.0,320.0,8257.0,3993.0,1920.0,1540.0,0.455,0.33,0.771,25.8,12.5,6.0,4.8,16.4,0.096,1.8,7.8
1592,2016,30,30,GSW,Damian Jones,Vanderbilt,6.0,199.0,3035.0,1117.0,685.0,163.0,0.665,0.302,0.702,15.3,5.6,3.4,0.8,9.3,0.146,-0.9,0.8
1593,2016,31,31,BOS,Deyonta Davis,Michigan State,3.0,107.0,1299.0,454.0,346.0,47.0,0.599,0.0,0.635,12.1,4.2,3.2,0.4,3.6,0.131,-2.1,0.0
1594,2016,32,32,LAL,Ivica Zubac,nan,6.0,360.0,6846.0,3001.0,2350.0,410.0,0.597,0.1,0.754,19.0,8.3,6.5,1.1,26.1,0.183,0.6,4.5
1595,2016,33,33,LAC,Cheick Diallo,Kansas,5.0,183.0,2186.0,958.0,759.0,78.0,0.596,0.286,0.774,11.9,5.2,4.1,0.4,6.3,0.139,-1.4,0.3
1596,2016,34,34,PHO,Tyler Ulis,Kentucky,3.0,133.0,2782.0,998.0,223.0,537.0,0.403,0.28,0.808,20.9,7.5,1.7,4.0,0.5,0.008,-3.6,-1.1
1597,2016,35,35,BOS,Rade Zagorac,nan,,,,,,,,,,,,,,,,,
1598,2016,36,36,MIL,Malcolm Brogdon,Virginia,6.0,333.0,10052.0,5159.0,1398.0,1596.0,0.464,0.376,0.881,30.2,15.5,4.2,4.8,24.2,0.116,1.1,7.9
1599,2016,37,37,HOU,Chinanu Onuaku,Louisville,2.0,6.0,74.0,18.0,14.0,4.0,0.583,,1.0,12.3,3.0,2.3,0.7,0.1,0.043,-5.4,-0.1
1600,2016,38,38,MIL,Patrick McCaw,UNLV,5.0,199.0,3373.0,760.0,319.0,270.0,0.42,0.305,0.785,16.9,3.8,1.6,1.4,4.4,0.062,-2.8,-0.6
1601,2016,39,39,NOP,David Michineau,nan,,,,,,,,,,,,,,,,,
1602,2016,40,40,NOP,Diamond Stone,Maryland,1.0,7.0,24.0,10.0,6.0,0.0,0.231,,1.0,3.4,1.4,0.9,0.0,-0.1,-0.211,-20.8,-0.1
1603,2016,41,41,ORL,Stephen Zimmerman,UNLV,1.0,19.0,108.0,23.0,35.0,4.0,0.323,,0.6,5.7,1.2,1.8,0.2,0.0,-0.005,-8.3,-0.2
1604,2016,42,42,UTA,Isaiah Whitehead,Seton Hall,2.0,89.0,1823.0,643.0,210.0,212.0,0.411,0.305,0.788,20.5,7.2,2.4,2.4,-0.9,-0.025,-5.0,-1.4
1605,2016,43,43,HOU,Zhou Qi,nan,2.0,19.0,125.0,24.0,22.0,2.0,0.212,0.105,0.667,6.6,1.3,1.2,0.1,-0.2,-0.093,-9.6,-0.2
1606,2016,44,44,ATL,Isaïa Cordinier,nan,,,,,,,,,,,,,,,,,
1607,2016,45,45,BOS,Demetrius Jackson,Notre Dame,3.0,26.0,136.0,48.0,19.0,17.0,0.486,0.286,0.667,5.2,1.8,0.7,0.7,0.2,0.087,-0.5,0.1
1608,2016,46,46,DAL,A.J. Hammons,Purdue,1.0,22.0,163.0,48.0,36.0,4.0,0.405,0.5,0.45,7.4,2.2,1.6,0.2,0.0,-0.001,-6.6,-0.2
1609,2016,47,47,ORL,Jake Layman,Maryland,6.0,243.0,3099.0,1175.0,417.0,127.0,0.46,0.3,0.719,12.8,4.8,1.7,0.5,3.8,0.059,-2.3,-0.2
1610,2016,48,48,CHI,Paul Zipser,nan,2.0,98.0,1667.0,458.0,256.0,82.0,0.371,0.335,0.769,17.0,4.7,2.6,0.8,0.0,-0.001,-5.2,-1.4
1611,2016,49,49,DET,Michael Gbinije,Syracuse,1.0,9.0,32.0,4.0,3.0,2.0,0.1,0.0,1.0,3.6,0.4,0.3,0.2,-0.1,-0.136,-12.1,-0.1
1612,2016,50,50,IND,Georges Niang,Iowa State,6.0,305.0,4454.0,1857.0,619.0,248.0,0.437,0.404,0.873,14.6,6.1,2.0,0.8,8.1,0.088,-1.1,1.0
1613,2016,51,51,BOS,Ben Bentil,Providence,1.0,3.0,10.0,0.0,2.0,0.0,0.0,0.0,,3.3,0.0,0.7,0.0,-0.1,-0.473,-25.9,-0.1
1614,2016,52,52,UTA,Joel Bolomboy,Weber State,2.0,18.0,91.0,31.0,27.0,2.0,0.545,0.2,0.5,5.1,1.7,1.5,0.1,0.3,0.132,-0.1,0.0
1615,2016,53,53,DEN,Petr Cornelie,nan,1.0,13.0,38.0,14.0,14.0,3.0,0.333,0.125,0.75,2.9,1.1,1.1,0.2,0.0,-0.015,-8.8,-0.1
1616,2016,54,54,ATL,Kay Felder,Oakland,2.0,58.0,526.0,223.0,59.0,78.0,0.364,0.268,0.754,9.1,3.8,1.0,1.3,-0.4,-0.041,-4.7,-0.4
1617,2016,55,55,BRK,Marcus Paige,UNC,1.0,5.0,28.0,12.0,4.0,3.0,0.286,0.25,1.0,5.6,2.4,0.8,0.6,0.0,-0.006,-8.8,0.0
1618,2016,56,56,DEN,Daniel Hamilton,UConn,2.0,25.0,232.0,69.0,52.0,30.0,0.394,0.357,0.5,9.3,2.8,2.1,1.2,0.0,0.0,-3.3,-0.1
1619,2016,57,57,MEM,Wang Zhelin,nan,,,,,,,,,,,,,,,,,
1620,2016,58,58,BOS,Abdel Nader,Iowa State,5.0,202.0,2583.0,926.0,376.0,110.0,0.428,0.357,0.718,12.8,4.6,1.9,0.5,2.8,0.052,-2.6,-0.4
1621,2016,59,59,SAC,Isaiah Cousins,Oklahoma,,,,,,,,,,,,,,,,,
1622,2016,60,60,UTA,Tyrone Wallace,California,4.0,112.0,1714.0,566.0,236.0,127.0,0.422,0.207,0.656,15.3,5.1,2.1,1.1,0.1,0.003,-5.2,-1.4
1623,2017,1,1,PHI,Markelle Fultz,Washington,5.0,131.0,3251.0,1423.0,425.0,623.0,0.45,0.262,0.708,24.8,10.9,3.2,4.8,3.5,0.052,-2.0,0.0
1624,2017,2,2,LAL,Lonzo Ball,UCLA,5.0,252.0,8187.0,2995.0,1447.0,1563.0,0.4,0.364,0.578,32.5,11.9,5.7,6.2,11.4,0.067,1.0,6.3
1625,2017,3,3,BOS,Jayson Tatum,Duke,5.0,365.0,12184.0,7640.0,2420.0,1106.0,0.456,0.383,0.844,33.4,20.9,6.6,3.0,35.1,0.138,2.8,14.8
1626,2017,4,4,PHO,Josh Jackson,Kansas,5.0,291.0,6718.0,3276.0,1159.0,534.0,0.416,0.292,0.68,23.1,11.3,4.0,1.8,-1.7,-0.012,-3.8,-3.1
1627,2017,5,5,SAC,De'Aaron Fox,Kentucky,5.0,322.0,10325.0,6148.0,1138.0,2005.0,0.462,0.32,0.725,32.1,19.1,3.5,6.2,15.7,0.073,0.1,5.4
1628,2017,6,6,ORL,Jonathan Isaac,Florida State,3.0,136.0,3512.0,1269.0,741.0,146.0,0.435,0.33,0.797,25.8,9.3,5.4,1.1,6.7,0.091,0.2,2.0
1629,2017,7,7,MIN,Lauri Markkanen,Arizona,5.0,282.0,8389.0,4339.0,1904.0,354.0,0.441,0.364,0.85,29.7,15.4,6.8,1.3,16.6,0.095,-0.1,4.0
1630,2017,8,8,NYK,Frank Ntilikina,nan,5.0,269.0,4804.0,1395.0,495.0,631.0,0.371,0.331,0.775,17.9,5.2,1.8,2.3,0.6,0.006,-4.1,-2.5
1631,2017,9,9,DAL,Dennis Smith Jr.,NC State,5.0,216.0,5152.0,2317.0,636.0,917.0,0.402,0.312,0.652,23.9,10.7,2.9,4.2,-0.6,-0.005,-2.3,-0.4
1632,2017,10,10,SAC,Zach Collins,Gonzaga,4.0,182.0,3193.0,1099.0,767.0,200.0,0.452,0.327,0.743,17.5,6.0,4.2,1.1,5.1,0.077,-2.2,-0.2
1633,2017,11,11,CHO,Malik Monk,Kentucky,5.0,309.0,6298.0,3176.0,717.0,627.0,0.424,0.355,0.83,20.4,10.3,2.3,2.0,5.6,0.043,-1.9,0.1
1634,2017,12,12,DET,Luke Kennard,Duke,5.0,297.0,6973.0,2966.0,847.0,603.0,0.449,0.425,0.869,23.5,10.0,2.9,2.0,14.2,0.098,-0.3,3.0
1635,2017,13,13,DEN,Donovan Mitchell,Louisville,5.0,345.0,11637.0,8234.0,1433.0,1542.0,0.441,0.361,0.833,33.7,23.9,4.2,4.5,29.0,0.12,2.4,13.1
1636,2017,14,14,MIA,Bam Adebayo,Kentucky,5.0,343.0,9666.0,4617.0,2850.0,1189.0,0.558,0.14,0.741,28.2,13.5,8.3,3.5,35.4,0.176,3.0,12.1
1637,2017,15,15,POR,Justin Jackson,UNC,5.0,255.0,4779.0,1656.0,637.0,276.0,0.426,0.321,0.799,18.7,6.5,2.5,1.1,5.3,0.053,-2.8,-1.0
1638,2017,16,16,CHI,Justin Patton,Creighton,4.0,22.0,296.0,86.0,60.0,19.0,0.404,0.25,0.667,13.5,3.9,2.7,0.9,0.4,0.066,-2.8,-0.1
1639,2017,17,17,MIL,D.J. Wilson,Michigan,5.0,146.0,1803.0,647.0,452.0,108.0,0.419,0.327,0.618,12.3,4.4,3.1,0.7,2.8,0.075,-2.6,-0.3
1640,2017,18,18,IND,T.J. Leaf,UCLA,4.0,146.0,1238.0,477.0,283.0,43.0,0.492,0.341,0.585,8.5,3.3,1.9,0.3,2.7,0.104,-1.8,0.1
1641,2017,19,19,ATL,John Collins,Wake Forest,5.0,293.0,8488.0,4837.0,2441.0,455.0,0.559,0.376,0.779,29.0,16.5,8.3,1.6,28.1,0.159,1.5,7.4
1642,2017,20,20,POR,Harry Giles,Duke,3.0,142.0,1835.0,832.0,543.0,174.0,0.511,0.258,0.671,12.9,5.9,3.8,1.2,3.0,0.079,-2.4,-0.2
1643,2017,21,21,OKC,Terrance Ferguson,nan,4.0,204.0,4000.0,924.0,263.0,144.0,0.404,0.334,0.753,19.6,4.5,1.3,0.7,4.4,0.053,-4.0,-2.1
1644,2017,22,22,BRK,Jarrett Allen,Texas,5.0,341.0,9062.0,3945.0,2964.0,467.0,0.626,0.189,0.699,26.6,11.6,8.7,1.4,34.9,0.185,1.7,8.5
1645,2017,23,23,TOR,OG Anunoby,Indiana,5.0,301.0,8060.0,3144.0,1246.0,429.0,0.47,0.372,0.709,26.8,10.4,4.1,1.4,17.6,0.105,0.1,4.3
1646,2017,24,24,UTA,Tyler Lydon,Syracuse,2.0,26.0,96.0,23.0,18.0,6.0,0.5,0.4,0.333,3.7,0.9,0.7,0.2,0.2,0.084,-4.3,-0.1
1647,2017,25,25,ORL,Anžejs Pasečņiks,nan,2.0,28.0,443.0,156.0,108.0,19.0,0.521,0.0,0.586,15.8,5.6,3.9,0.7,0.4,0.038,-6.2,-0.5
1648,2017,26,26,POR,Caleb Swanigan,Purdue,3.0,75.0,655.0,169.0,218.0,56.0,0.438,0.118,0.614,8.7,2.3,2.9,0.7,-0.2,-0.015,-6.2,-0.7
1649,2017,27,27,BRK,Kyle Kuzma,Utah,5.0,342.0,10399.0,5336.0,2116.0,759.0,0.449,0.339,0.723,30.4,15.6,6.2,2.2,14.2,0.066,-1.0,2.7
1650,2017,28,28,LAL,Tony Bradley,UNC,5.0,167.0,1961.0,773.0,718.0,89.0,0.634,0.429,0.672,11.7,4.6,4.3,0.5,7.4,0.181,0.2,1.1
1651,2017,29,29,SAS,Derrick White,Colorado,5.0,263.0,6807.0,3027.0,864.0,1006.0,0.442,0.34,0.838,25.9,11.5,3.3,3.8,15.3,0.108,1.1,5.3
1652,2017,30,30,UTA,Josh Hart,Villanova,5.0,296.0,8071.0,2918.0,1701.0,614.0,0.45,0.347,0.739,27.3,9.9,5.7,2.1,15.7,0.094,-0.3,3.4
1653,2017,31,31,CHO,Frank Jackson,Duke,4.0,213.0,3868.0,1816.0,390.0,221.0,0.422,0.333,0.786,18.2,8.5,1.8,1.0,2.5,0.031,-3.9,-1.9
1654,2017,32,32,PHO,Davon Reed,Miami (FL),3.0,79.0,957.0,284.0,153.0,69.0,0.434,0.391,0.667,12.1,3.6,1.9,0.9,1.4,0.07,-2.1,0.0
1655,2017,33,33,ORL,Wes Iwundu,Kansas State,5.0,226.0,3827.0,989.0,555.0,208.0,0.408,0.292,0.798,16.9,4.4,2.5,0.9,4.2,0.053,-3.9,-1.8
1656,2017,34,34,SAC,Frank Mason III,Kansas,4.0,103.0,1616.0,695.0,204.0,272.0,0.396,0.301,0.755,15.7,6.7,2.0,2.6,1.2,0.035,-2.6,-0.3
1657,2017,35,35,ORL,Ivan Rabb,California,2.0,85.0,1237.0,485.0,364.0,86.0,0.555,0.2,0.743,14.6,5.7,4.3,1.0,3.2,0.125,-1.7,0.1
1658,2017,36,36,PHI,Jonah Bolden,nan,2.0,51.0,686.0,217.0,174.0,40.0,0.486,0.34,0.484,13.5,4.3,3.4,0.8,1.4,0.098,-1.3,0.1
1659,2017,37,37,BOS,Semi Ojeleye,SMU,5.0,284.0,4111.0,975.0,613.0,126.0,0.384,0.344,0.717,14.5,3.4,2.2,0.4,5.2,0.061,-3.4,-1.5
1660,2017,38,38,CHI,Jordan Bell,Oregon,5.0,161.0,1937.0,593.0,497.0,201.0,0.552,0.2,0.636,12.0,3.7,3.1,1.2,4.9,0.121,0.2,1.1
1661,2017,39,39,PHI,Jawun Evans,Oklahoma State,2.0,56.0,843.0,237.0,96.0,110.0,0.345,0.263,0.776,15.1,4.2,1.7,2.0,-0.4,-0.022,-5.4,-0.7
1662,2017,40,40,NOP,Dwayne Bacon,Florida State,4.0,207.0,4012.0,1503.0,537.0,230.0,0.402,0.314,0.78,19.4,7.3,2.6,1.1,0.8,0.01,-5.1,-3.1
1663,2017,41,41,ATL,Tyler Dorsey,Oregon,2.0,104.0,1672.0,701.0,243.0,135.0,0.389,0.35,0.669,16.1,6.7,2.3,1.3,1.0,0.03,-3.1,-0.5
1664,2017,42,42,UTA,Thomas Bryant,Indiana,5.0,170.0,3425.0,1733.0,971.0,219.0,0.59,0.35,0.764,20.1,10.2,5.7,1.3,11.6,0.163,1.5,3.0
1665,2017,43,43,HOU,Isaiah Hartenstein,nan,4.0,165.0,2262.0,959.0,650.0,248.0,0.6,0.383,0.682,13.7,5.8,3.9,1.5,8.5,0.181,1.9,2.2
1666,2017,44,44,NYK,Damyean Dotson,Oregon,5.0,213.0,4242.0,1594.0,532.0,315.0,0.417,0.345,0.711,19.9,7.5,2.5,1.5,3.0,0.034,-2.8,-0.9
1667,2017,45,45,HOU,Dillon Brooks,Oregon,5.0,272.0,7674.0,3955.0,829.0,546.0,0.421,0.348,0.799,28.2,14.5,3.0,2.0,5.3,0.033,-3.8,-3.5
1668,2017,46,46,PHI,Sterling Brown,SMU,5.0,264.0,4434.0,1431.0,883.0,266.0,0.42,0.364,0.796,16.8,5.4,3.3,1.0,6.5,0.071,-2.1,-0.1
1669,2017,47,47,IND,Ike Anigbogu,UCLA,2.0,14.0,36.0,13.0,12.0,1.0,0.333,,0.833,2.6,0.9,0.9,0.1,0.0,0.057,-1.1,0.0
1670,2017,48,48,MIL,Sindarius Thornwell,South Carolina,4.0,160.0,1721.0,401.0,206.0,111.0,0.407,0.34,0.672,10.8,2.5,1.3,0.7,1.1,0.032,-3.1,-0.5
1671,2017,49,49,DEN,Vlatko Čančar,nan,3.0,70.0,502.0,164.0,91.0,34.0,0.484,0.333,0.742,7.2,2.3,1.3,0.5,0.8,0.075,-2.5,-0.1
1672,2017,50,50,PHI,Mathias Lessort,nan,,,,,,,,,,,,,,,,,
1673,2017,51,51,DEN,Monte Morris,Iowa State,5.0,280.0,7066.0,2947.0,655.0,1042.0,0.481,0.394,0.83,25.2,10.5,2.3,3.7,18.5,0.125,0.3,4.2
1674,2017,52,52,NOP,Edmond Sumner,Xavier,4.0,108.0,1520.0,619.0,165.0,114.0,0.474,0.333,0.728,14.1,5.7,1.5,1.1,1.9,0.061,-3.2,-0.4
1675,2017,53,53,BOS,Kadeem Allen,Arizona,3.0,47.0,640.0,258.0,71.0,109.0,0.435,0.349,0.757,13.6,5.5,1.5,2.3,1.0,0.075,-1.2,0.1
1676,2017,54,54,PHO,Alec Peters,Valparaiso,1.0,20.0,225.0,82.0,37.0,12.0,0.378,0.31,0.8,11.3,4.1,1.9,0.6,0.3,0.055,-2.8,0.0
1677,2017,55,55,UTA,Nigel Williams-Goss,Gonzaga,1.0,10.0,50.0,14.0,6.0,6.0,0.313,0.286,1.0,5.0,1.4,0.6,0.6,0.0,0.017,-3.9,0.0
1678,2017,56,56,BOS,Jabari Bird,California,1.0,13.0,115.0,39.0,19.0,8.0,0.577,0.429,0.462,8.8,3.0,1.5,0.6,0.2,0.098,-3.1,0.0
1679,2017,57,57,BRK,Sasha Vezenkov,nan,,,,,,,,,,,,,,,,,
1680,2017,58,58,NYK,Ognjen Jaramaz,nan,,,,,,,,,,,,,,,,,
1681,2017,59,59,SAS,Jaron Blossomgame,Clemson,1.0,27.0,439.0,114.0,98.0,13.0,0.443,0.256,0.769,16.3,4.2,3.6,0.5,0.3,0.03,-3.8,-0.2
1682,2017,60,60,ATL,Alpha Kaba,nan,,,,,,,,,,,,,,,,,
1683,2018,1,1,PHO,Deandre Ayton,Arizona,4.0,236.0,7247.0,3843.0,2485.0,380.0,0.599,0.25,0.754,30.7,16.3,10.5,1.6,24.6,0.163,1.1,5.7
1684,2018,2,2,SAC,Marvin Bagley III,Duke,4.0,166.0,4159.0,2256.0,1224.0,151.0,0.501,0.291,0.663,25.1,13.6,7.4,0.9,7.3,0.085,-2.1,-0.1
1685,2018,3,3,ATL,Luka Dončić,nan,4.0,264.0,8928.0,6962.0,2256.0,2102.0,0.457,0.337,0.737,33.8,26.4,8.5,8.0,29.0,0.156,6.8,19.8
1686,2018,4,4,MEM,Jaren Jackson Jr.,Michigan State,4.0,204.0,5521.0,3218.0,1050.0,240.0,0.453,0.351,0.791,27.1,15.8,5.1,1.2,12.8,0.112,0.0,2.8
1687,2018,5,5,DAL,Trae Young,Oklahoma,4.0,280.0,9400.0,7076.0,1085.0,2544.0,0.44,0.355,0.873,33.6,25.3,3.9,9.1,26.3,0.134,3.0,11.9
1688,2018,6,6,ORL,Mo Bamba,Texas,4.0,226.0,4193.0,1747.0,1372.0,201.0,0.475,0.352,0.685,18.6,7.7,6.1,0.9,10.4,0.119,0.2,2.3
1689,2018,7,7,CHI,Wendell Carter Jr.,Duke,4.0,203.0,5593.0,2476.0,1803.0,404.0,0.513,0.298,0.731,27.6,12.2,8.9,2.0,13.6,0.116,-0.7,1.9
1690,2018,8,8,CLE,Collin Sexton,Alabama,4.0,218.0,7179.0,4356.0,663.0,720.0,0.458,0.378,0.827,32.9,20.0,3.0,3.3,5.4,0.036,-2.5,-0.9
1691,2018,9,9,NYK,Kevin Knox,Kentucky,4.0,212.0,4010.0,1638.0,624.0,172.0,0.369,0.34,0.705,18.9,7.7,2.9,0.8,-0.3,-0.004,-4.7,-2.7
1692,2018,10,10,PHI,Mikal Bridges,Villanova,4.0,309.0,9661.0,3483.0,1212.0,639.0,0.509,0.374,0.831,31.3,11.3,3.9,2.1,24.6,0.122,1.1,7.5
1693,2018,11,11,CHO,Shai Gilgeous-Alexander,Kentucky,4.0,243.0,7724.0,4421.0,1088.0,1040.0,0.473,0.348,0.807,31.8,18.2,4.5,4.3,17.6,0.109,1.9,7.5
1694,2018,12,12,LAC,Miles Bridges,Michigan State,4.0,291.0,8460.0,3893.0,1641.0,656.0,0.473,0.346,0.809,29.1,13.4,5.6,2.3,16.0,0.091,-0.2,3.8
1695,2018,13,13,LAC,Jerome Robinson,Boston College,3.0,113.0,1604.0,514.0,208.0,131.0,0.363,0.31,0.721,14.2,4.5,1.8,1.2,-0.1,-0.003,-4.7,-1.1
1696,2018,14,14,DEN,Michael Porter Jr.,Missouri,3.0,125.0,3080.0,1763.0,763.0,133.0,0.518,0.419,0.795,24.6,14.1,6.1,1.1,9.6,0.15,2.1,3.1
1697,2018,15,15,WAS,Troy Brown Jr.,Oregon,4.0,221.0,4091.0,1408.0,836.0,353.0,0.429,0.337,0.755,18.5,6.4,3.8,1.6,4.9,0.058,-2.0,0.0
1698,2018,16,16,PHO,Zhaire Smith,Texas Tech,2.0,13.0,143.0,48.0,15.0,12.0,0.378,0.316,0.667,11.0,3.7,1.2,0.9,0.0,0.011,-6.1,-0.1
1699,2018,17,17,MIL,Donte DiVincenzo,Villanova,4.0,201.0,4751.0,1809.0,933.0,506.0,0.415,0.347,0.766,23.6,9.0,4.6,2.5,9.2,0.093,-0.2,2.2
1700,2018,18,18,SAS,Lonnie Walker IV,Miami (FL),4.0,208.0,4240.0,1952.0,492.0,330.0,0.414,0.343,0.779,20.4,9.4,2.4,1.6,2.0,0.022,-3.2,-1.3
1701,2018,19,19,ATL,Kevin Huerter,Maryland,4.0,274.0,8122.0,3125.0,958.0,871.0,0.431,0.379,0.788,29.6,11.4,3.5,3.2,9.4,0.056,-1.3,1.4
1702,2018,20,20,MIN,Josh Okogie,Georgia Tech,4.0,244.0,5017.0,1552.0,712.0,278.0,0.403,0.275,0.758,20.6,6.4,2.9,1.1,5.3,0.051,-2.9,-1.2
1703,2018,21,21,UTA,Grayson Allen,Duke,4.0,192.0,4198.0,1806.0,490.0,285.0,0.433,0.393,0.841,21.9,9.4,2.6,1.5,8.1,0.092,-0.7,1.4
1704,2018,22,22,CHI,Chandler Hutchison,Boise State,4.0,103.0,1790.0,558.0,376.0,79.0,0.442,0.309,0.643,17.4,5.4,3.7,0.8,1.1,0.03,-3.9,-0.9
1705,2018,23,23,IND,Aaron Holiday,UCLA,4.0,245.0,4460.0,1796.0,434.0,588.0,0.412,0.373,0.84,18.2,7.3,1.8,2.4,4.7,0.051,-2.3,-0.4
1706,2018,24,24,POR,Anfernee Simons,nan,4.0,211.0,4375.0,2144.0,456.0,420.0,0.425,0.392,0.833,20.7,10.2,2.2,2.0,4.0,0.043,-2.2,-0.2
1707,2018,25,25,LAL,Moritz Wagner,Michigan,4.0,196.0,2963.0,1474.0,682.0,217.0,0.487,0.321,0.813,15.1,7.5,3.5,1.1,5.9,0.096,-1.4,0.4
1708,2018,26,26,PHI,Landry Shamet,Wichita State,4.0,262.0,6094.0,2354.0,472.0,423.0,0.41,0.39,0.835,23.3,9.0,1.8,1.6,10.6,0.083,-1.8,0.3
1709,2018,27,27,BOS,Robert Williams,Texas A&M,4.0,174.0,3460.0,1255.0,1155.0,249.0,0.728,0.0,0.665,19.9,7.2,6.6,1.4,18.4,0.255,5.3,6.3
1710,2018,28,28,GSW,Jacob Evans,Cincinnati,2.0,59.0,622.0,168.0,66.0,54.0,0.337,0.315,0.833,10.5,2.8,1.1,0.9,-0.6,-0.047,-7.4,-0.8
1711,2018,29,29,BRK,Džanan Musa,nan,2.0,49.0,526.0,211.0,91.0,45.0,0.376,0.227,0.726,10.7,4.3,1.9,0.9,0.0,0.003,-4.6,-0.4
1712,2018,30,30,ATL,Omari Spellman,Villanova,2.0,95.0,1691.0,642.0,413.0,94.0,0.417,0.366,0.766,17.8,6.8,4.3,1.0,2.4,0.068,-1.5,0.2
1713,2018,31,31,PHO,Elie Okobo,nan,2.0,108.0,1677.0,523.0,188.0,242.0,0.395,0.315,0.737,15.5,4.8,1.7,2.2,0.5,0.014,-4.1,-0.9
1714,2018,32,32,MEM,Jevon Carter,West Virginia,4.0,223.0,3144.0,984.0,386.0,320.0,0.386,0.383,0.81,14.1,4.4,1.7,1.4,4.5,0.069,-1.1,0.7
1715,2018,33,33,DAL,Jalen Brunson,Villanova,4.0,277.0,6834.0,3286.0,843.0,1034.0,0.494,0.373,0.8,24.7,11.9,3.0,3.7,17.3,0.121,0.0,3.5
1716,2018,34,34,ATL,Devonte' Graham,Kansas,4.0,240.0,6708.0,3080.0,600.0,1203.0,0.372,0.357,0.827,28.0,12.8,2.5,5.0,10.1,0.072,-0.4,2.7
1717,2018,35,35,ORL,Melvin Frazier,Tulane,3.0,32.0,290.0,87.0,28.0,5.0,0.34,0.209,0.533,9.1,2.7,0.9,0.2,-0.4,-0.062,-10.0,-0.6
1718,2018,36,36,NYK,Mitchell Robinson,nan,4.0,230.0,5473.0,1941.0,1720.0,128.0,0.722,,0.54,23.8,8.4,7.5,0.6,24.8,0.218,2.3,6.0
1719,2018,37,37,SAC,Gary Trent Jr.,Duke,4.0,204.0,5693.0,2752.0,454.0,287.0,0.416,0.389,0.82,27.9,13.5,2.2,1.4,9.6,0.081,-0.9,1.6
1720,2018,38,38,PHI,Khyri Thomas,Creighton,3.0,39.0,409.0,160.0,39.0,36.0,0.388,0.316,0.75,10.5,4.1,1.0,0.9,0.5,0.058,-2.7,-0.1
1721,2018,39,39,PHI,Isaac Bonga,nan,4.0,143.0,1871.0,439.0,320.0,118.0,0.432,0.3,0.759,13.1,3.1,2.2,0.8,1.7,0.044,-3.6,-0.7
1722,2018,40,40,BRK,Rodions Kurucs,nan,3.0,131.0,2103.0,780.0,406.0,113.0,0.444,0.329,0.739,16.1,6.0,3.1,0.9,2.3,0.052,-2.8,-0.4
1723,2018,41,41,ORL,Jarred Vanderbilt,Kentucky,4.0,166.0,3134.0,892.0,1024.0,175.0,0.591,0.143,0.616,18.9,5.4,6.2,1.1,9.1,0.14,-0.1,1.5
1724,2018,42,42,DET,Bruce Brown,Miami (FL),4.0,269.0,6308.0,2056.0,1153.0,573.0,0.482,0.327,0.745,23.4,7.6,4.3,2.1,12.7,0.097,-0.9,1.7
1725,2018,43,43,DEN,Justin Jackson,Maryland,,,,,,,,,,,,,,,,,
1726,2018,44,44,WAS,Issuf Sanon,nan,,,,,,,,,,,,,,,,,
1727,2018,45,45,BRK,Hamidou Diallo,Kentucky,4.0,207.0,3917.0,1748.0,813.0,227.0,0.475,0.277,0.634,18.9,8.4,3.9,1.1,4.9,0.06,-2.3,-0.3
1728,2018,46,46,HOU,De'Anthony Melton,USC,4.0,235.0,4853.0,1968.0,843.0,660.0,0.409,0.361,0.766,20.7,8.4,3.6,2.8,7.7,0.076,0.5,3.1
1729,2018,47,47,LAL,Svi Mykhailiuk,Kansas,4.0,220.0,3745.0,1451.0,395.0,298.0,0.398,0.353,0.785,17.0,6.6,1.8,1.4,2.5,0.033,-2.7,-0.7
1730,2018,48,48,MIN,Keita Bates-Diop,Ohio State,4.0,163.0,2448.0,853.0,490.0,100.0,0.462,0.304,0.714,15.0,5.2,3.0,0.6,3.5,0.068,-2.4,-0.2
1731,2018,49,49,SAS,Chimezie Metu,USC,4.0,143.0,2017.0,869.0,516.0,111.0,0.463,0.308,0.762,14.1,6.1,3.6,0.8,2.1,0.05,-2.3,-0.2
1732,2018,50,50,IND,Alize Johnson,Missouri State,4.0,72.0,538.0,182.0,218.0,31.0,0.48,0.25,0.721,7.5,2.5,3.0,0.4,1.3,0.12,-2.0,0.0
1733,2018,51,51,NOP,Tony Carr,Penn State,,,,,,,,,,,,,,,,,
1734,2018,52,52,UTA,Vince Edwards,Purdue,1.0,2.0,16.0,3.0,2.0,0.0,0.25,0.25,,8.0,1.5,1.0,0.0,0.0,-0.014,-6.4,0.0
1735,2018,53,53,OKC,Devon Hall,Virginia,1.0,11.0,81.0,20.0,7.0,13.0,0.2,0.235,0.5,7.4,1.8,0.6,1.2,-0.2,-0.116,-6.7,-0.1
1736,2018,54,54,DAL,Shake Milton,SMU,4.0,178.0,3713.0,1731.0,413.0,454.0,0.447,0.361,0.819,20.9,9.7,2.3,2.6,6.9,0.09,-1.8,0.2
1737,2018,55,55,CHO,Arnoldas Kulboka,nan,1.0,2.0,5.0,0.0,0.0,0.0,0.0,0.0,,2.5,0.0,0.0,0.0,0.0,-0.217,-21.8,0.0
1738,2018,56,56,PHI,Ray Spalding,Louisville,2.0,16.0,167.0,58.0,52.0,5.0,0.529,0.0,0.286,10.4,3.6,3.3,0.3,0.1,0.024,-6.2,-0.2
1739,2018,57,57,OKC,Kevin Hervey,UT Arlington,1.0,10.0,52.0,17.0,12.0,5.0,0.259,0.15,,5.2,1.7,1.2,0.5,-0.1,-0.085,-5.1,0.0
1740,2018,58,58,DEN,Thomas Welsh,UCLA,1.0,11.0,36.0,18.0,4.0,5.0,0.538,0.429,0.5,3.3,1.6,0.4,0.5,0.1,0.162,1.2,0.0
1741,2018,59,59,PHO,George King,Colorado,2.0,5.0,25.0,1.0,6.0,0.0,0.0,0.0,0.5,5.0,0.2,1.2,0.0,-0.1,-0.225,-17.1,-0.1
1742,2018,60,60,PHI,Kostas Antetokounmpo,Dayton,3.0,22.0,87.0,21.0,23.0,3.0,0.375,,0.474,4.0,1.0,1.0,0.1,-0.2,-0.098,-9.9,-0.2
1743,2019,1,1,NOP,Zion Williamson,Duke,2.0,85.0,2694.0,2187.0,591.0,276.0,0.604,0.333,0.683,31.7,25.7,7.0,3.2,10.6,0.189,4.9,4.7
1744,2019,2,2,MEM,Ja Morant,Murray State,3.0,187.0,6016.0,3961.0,836.0,1337.0,0.474,0.327,0.754,32.2,21.2,4.5,7.1,13.7,0.109,1.9,5.9
1745,2019,3,3,NYK,RJ Barrett,Duke,3.0,198.0,6632.0,3469.0,1101.0,568.0,0.418,0.357,0.697,33.5,17.5,5.6,2.9,5.9,0.042,-2.2,-0.3
1746,2019,4,4,LAL,De'Andre Hunter,Virginia,3.0,139.0,4273.0,1831.0,572.0,224.0,0.434,0.359,0.785,30.7,13.2,4.1,1.6,2.9,0.033,-3.5,-1.6
1747,2019,5,5,CLE,Darius Garland,Vanderbilt,3.0,181.0,6044.0,3142.0,464.0,1141.0,0.443,0.378,0.876,33.4,17.4,2.6,6.3,6.2,0.05,-1.2,1.1
1748,2019,6,6,PHO,Jarrett Culver,Texas Tech,3.0,134.0,2343.0,890.0,364.0,167.0,0.401,0.283,0.497,17.5,6.6,2.7,1.2,-0.1,-0.002,-4.6,-1.5
1749,2019,7,7,CHI,Coby White,UNC,3.0,195.0,5505.0,2672.0,696.0,679.0,0.413,0.365,0.851,28.2,13.7,3.6,3.5,5.6,0.049,-2.5,-0.6
1750,2019,8,8,ATL,Jaxson Hayes,Texas,3.0,194.0,3442.0,1575.0,831.0,134.0,0.634,0.36,0.723,17.7,8.1,4.3,0.7,12.5,0.174,0.2,1.9
1751,2019,9,9,WAS,Rui Hachimura,Gonzaga,3.0,147.0,4184.0,1913.0,766.0,217.0,0.477,0.36,0.779,28.5,13.0,5.2,1.5,5.3,0.061,-2.8,-0.8
1752,2019,10,10,ATL,Cam Reddish,Duke,3.0,133.0,3313.0,1399.0,425.0,170.0,0.387,0.325,0.841,24.9,10.5,3.2,1.3,1.0,0.015,-3.1,-0.9
1753,2019,11,11,MIN,Cameron Johnson,UNC,3.0,183.0,4422.0,1899.0,659.0,254.0,0.44,0.39,0.843,24.2,10.4,3.6,1.4,10.9,0.118,1.1,3.5
1754,2019,12,12,CHO,P.J. Washington,Kentucky,3.0,187.0,5481.0,2202.0,1071.0,431.0,0.454,0.375,0.702,29.3,11.8,5.7,2.3,8.0,0.07,-0.9,1.6
1755,2019,13,13,MIA,Tyler Herro,Kentucky,3.0,175.0,5294.0,2925.0,821.0,568.0,0.44,0.385,0.851,30.3,16.7,4.7,3.2,7.0,0.064,-0.6,1.9
1756,2019,14,14,BOS,Romeo Langford,Indiana,3.0,98.0,1424.0,353.0,184.0,47.0,0.4,0.3,0.633,14.5,3.6,1.9,0.5,1.5,0.052,-2.9,-0.3
1757,2019,15,15,DET,Sekou Doumbouya,nan,3.0,96.0,1639.0,542.0,267.0,66.0,0.388,0.256,0.693,17.1,5.6,2.8,0.7,-0.4,-0.013,-6.5,-1.8
1758,2019,16,16,ORL,Chuma Okeke,Auburn,2.0,115.0,2882.0,954.0,528.0,219.0,0.39,0.326,0.81,25.1,8.3,4.6,1.9,3.5,0.058,-0.7,1.0
1759,2019,17,17,BRK,Nickeil Alexander-Walker,Virginia Tech,3.0,158.0,3064.0,1467.0,415.0,347.0,0.387,0.329,0.726,19.4,9.3,2.6,2.2,0.6,0.009,-2.7,-0.5
1760,2019,18,18,IND,Goga Bitadze,nan,3.0,149.0,1761.0,752.0,433.0,115.0,0.477,0.254,0.707,11.8,5.0,2.9,0.8,4.0,0.109,-1.2,0.4
1761,2019,19,19,SAS,Luka Šamanić,nan,2.0,36.0,356.0,138.0,78.0,21.0,0.43,0.294,0.576,9.9,3.8,2.2,0.6,0.1,0.015,-4.8,-0.3
1762,2019,20,20,BOS,Matisse Thybulle,Washington,3.0,196.0,4270.0,939.0,382.0,217.0,0.45,0.324,0.657,21.8,4.8,1.9,1.1,8.8,0.099,1.1,3.3
1763,2019,21,21,OKC,Brandon Clarke,Gonzaga,3.0,181.0,3961.0,1976.0,1015.0,262.0,0.591,0.294,0.699,21.9,10.9,5.6,1.4,15.4,0.187,2.9,4.9
1764,2019,22,22,BOS,Grant Williams,Tennessee,3.0,209.0,4056.0,1133.0,630.0,210.0,0.449,0.369,0.775,19.4,5.4,3.0,1.0,7.7,0.091,-1.9,0.1
1765,2019,23,23,UTA,Darius Bazley,nan,3.0,185.0,4768.0,1841.0,1078.0,237.0,0.406,0.305,0.695,25.8,10.0,5.8,1.3,1.8,0.018,-2.7,-0.8
1766,2019,24,24,PHI,Ty Jerome,Virginia,3.0,112.0,1917.0,795.0,215.0,273.0,0.398,0.344,0.784,17.1,7.1,1.9,2.4,1.8,0.046,-1.9,0.0
1767,2019,25,25,POR,Nassir Little,UNC,3.0,138.0,2301.0,802.0,472.0,99.0,0.455,0.317,0.727,16.7,5.8,3.4,0.7,3.4,0.071,-2.3,-0.2
1768,2019,26,26,CLE,Dylan Windler,Belmont,2.0,81.0,972.0,271.0,196.0,67.0,0.412,0.32,0.8,12.0,3.3,2.4,0.8,1.3,0.063,-1.7,0.1
1769,2019,27,27,BRK,Mfiondu Kabengele,Florida State,2.0,51.0,344.0,137.0,71.0,19.0,0.388,0.314,0.84,6.7,2.7,1.4,0.4,0.4,0.054,-3.1,-0.1
1770,2019,28,28,GSW,Jordan Poole,Michigan,3.0,184.0,4545.0,2520.0,470.0,537.0,0.416,0.341,0.885,24.7,13.7,2.6,2.9,6.7,0.071,-1.5,0.6
1771,2019,29,29,SAS,Keldon Johnson,Kentucky,3.0,161.0,4661.0,2313.0,926.0,294.0,0.478,0.385,0.753,29.0,14.4,5.8,1.8,9.3,0.095,-0.8,1.4
1772,2019,30,30,MIL,Kevin Porter Jr.,USC,3.0,137.0,3904.0,1878.0,528.0,649.0,0.424,0.352,0.686,28.5,13.7,3.9,4.7,1.1,0.014,-2.7,-0.7
1773,2019,31,31,BRK,Nic Claxton,Georgia,3.0,94.0,1755.0,688.0,474.0,87.0,0.646,0.167,0.539,18.7,7.3,5.0,0.9,5.8,0.159,0.3,1.0
1774,2019,32,32,PHO,KZ Okpala,Stanford,3.0,63.0,717.0,176.0,114.0,34.0,0.406,0.273,0.607,11.4,2.8,1.8,0.5,0.7,0.047,-5.3,-0.6
1775,2019,33,33,PHI,Carsen Edwards,Purdue,3.0,72.0,706.0,267.0,79.0,52.0,0.364,0.297,0.758,9.8,3.7,1.1,0.7,0.3,0.019,-5.1,-0.5
1776,2019,34,34,PHI,Bruno Fernando,Maryland,3.0,119.0,1091.0,379.0,331.0,66.0,0.527,0.146,0.608,9.2,3.2,2.8,0.6,1.2,0.052,-4.1,-0.6
1777,2019,35,35,ATL,Didi Louzada,nan,2.0,12.0,185.0,43.0,20.0,8.0,0.326,0.355,1.0,15.4,3.6,1.7,0.7,-0.1,-0.034,-8.1,-0.3
1778,2019,36,36,CHO,Cody Martin,Nevada,3.0,171.0,3618.0,989.0,604.0,360.0,0.46,0.323,0.66,21.2,5.8,3.5,2.1,6.0,0.079,-1.2,0.7
1779,2019,37,37,DAL,Deividas Sirvydis,nan,2.0,23.0,160.0,44.0,35.0,6.0,0.3,0.314,0.5,7.0,1.9,1.5,0.3,-0.1,-0.032,-5.9,-0.2
1780,2019,38,38,CHI,Daniel Gafford,Arkansas,3.0,169.0,2844.0,1277.0,744.0,118.0,0.692,0.0,0.657,16.8,7.6,4.4,0.7,11.3,0.19,1.1,2.3
1781,2019,39,39,NOP,Alen Smailagić,nan,2.0,29.0,223.0,87.0,43.0,17.0,0.463,0.304,0.72,7.7,3.0,1.5,0.6,0.3,0.056,-3.3,-0.1
1782,2019,40,40,SAC,Justin James,Wyoming,2.0,72.0,542.0,228.0,62.0,40.0,0.446,0.343,0.544,7.5,3.2,0.9,0.6,0.3,0.024,-3.1,-0.2
1783,2019,41,41,GSW,Eric Paschall,Villanova,3.0,158.0,3085.0,1552.0,509.0,214.0,0.494,0.326,0.758,19.5,9.8,3.2,1.4,5.0,0.078,-2.2,-0.1
1784,2019,42,42,PHI,Admiral Schofield,Tennessee,2.0,71.0,837.0,245.0,136.0,40.0,0.403,0.321,0.733,11.8,3.5,1.9,0.6,0.4,0.023,-5.5,-0.7
1785,2019,43,43,MIN,Jaylen Nowell,Washington,3.0,119.0,1885.0,963.0,231.0,211.0,0.446,0.345,0.811,15.8,8.1,1.9,1.8,3.7,0.093,-1.0,0.5
1786,2019,44,44,MIA,Bol Bol,Oregon,3.0,53.0,328.0,142.0,63.0,18.0,0.478,0.378,0.667,6.2,2.7,1.2,0.3,0.2,0.031,-3.1,-0.1
1787,2019,45,45,DET,Isaiah Roby,Nebraska,3.0,109.0,2384.0,987.0,560.0,178.0,0.495,0.365,0.708,21.9,9.1,5.1,1.6,4.1,0.083,-1.8,0.1
1788,2019,46,46,ORL,Talen Horton-Tucker,Iowa State,3.0,131.0,2896.0,1216.0,369.0,346.0,0.437,0.276,0.783,22.1,9.3,2.8,2.6,3.3,0.054,-2.3,-0.2
1789,2019,47,47,SAC,Ignas Brazdeikis,Michigan,3.0,64.0,838.0,318.0,122.0,58.0,0.416,0.315,0.686,13.1,5.0,1.9,0.9,0.4,0.024,-4.9,-0.6
1790,2019,48,48,LAC,Terance Mann,Florida State,3.0,189.0,3942.0,1443.0,722.0,366.0,0.491,0.379,0.786,20.9,7.6,3.8,1.9,10.0,0.122,-0.6,1.4
1791,2019,49,49,SAS,Quinndary Weatherspoon,Mississippi State,3.0,42.0,272.0,88.0,32.0,24.0,0.452,0.188,0.826,6.5,2.1,0.8,0.6,0.2,0.03,-5.5,-0.2
1792,2019,50,50,IND,Jarrell Brantley,College of Charleston,2.0,37.0,234.0,88.0,47.0,26.0,0.438,0.366,0.75,6.3,2.4,1.3,0.7,0.5,0.099,-0.6,0.1
1793,2019,51,51,BOS,Tremont Waters,LSU,3.0,40.0,407.0,149.0,37.0,85.0,0.354,0.296,0.96,10.2,3.7,0.9,2.1,0.1,0.012,-3.0,-0.1
1794,2019,52,52,CHO,Jalen McDaniels,San Diego State,3.0,118.0,2092.0,775.0,404.0,124.0,0.475,0.359,0.732,17.7,6.6,3.4,1.1,3.4,0.078,-2.8,-0.5
1795,2019,53,53,UTA,Justin Wright-Foreman,Hofstra,1.0,4.0,45.0,19.0,5.0,7.0,0.35,0.2,0.75,11.3,4.8,1.3,1.8,0.0,-0.008,-9.0,-0.1
1796,2019,54,54,PHI,Marial Shayok,Iowa State,1.0,4.0,28.0,11.0,7.0,1.0,0.25,0.333,0.75,7.0,2.8,1.8,0.3,-0.1,-0.13,-13.0,-0.1
1797,2019,55,55,NYK,Kyle Guy,Virginia,3.0,53.0,431.0,165.0,53.0,50.0,0.361,0.303,0.75,8.1,3.1,1.0,0.9,0.1,0.006,-4.9,-0.3
1798,2019,56,56,LAC,Jaylen Hands,UCLA,,,,,,,,,,,,,,,,,
1799,2019,57,57,NOP,Jordan Bone,Tennessee,2.0,24.0,249.0,68.0,28.0,26.0,0.378,0.286,,10.4,2.8,1.2,1.1,0.1,0.01,-5.9,-0.2
1800,2019,58,58,GSW,Miye Oni,Yale,3.0,80.0,672.0,145.0,108.0,37.0,0.35,0.33,0.75,8.4,1.8,1.4,0.5,1.0,0.07,-2.5,-0.1
1801,2019,59,59,TOR,Dewan Hernandez,Miami (FL),1.0,6.0,28.0,14.0,14.0,3.0,0.357,0.5,0.6,4.7,2.3,2.3,0.5,0.0,0.043,-9.6,-0.1
1802,2019,60,60,SAC,Vanja Marinković,nan,,,,,,,,,,,,,,,,,
1803,2020,1,1,MIN,Anthony Edwards,Georgia,2.0,144.0,4780.0,2925.0,679.0,486.0,0.429,0.344,0.781,33.2,20.3,4.7,3.4,5.1,0.051,-0.4,1.9
1804,2020,2,2,GSW,James Wiseman,Memphis,1.0,39.0,836.0,448.0,226.0,26.0,0.519,0.316,0.628,21.4,11.5,5.8,0.7,0.7,0.042,-5.0,-0.6
1805,2020,3,3,CHO,LaMelo Ball,nan,2.0,126.0,3891.0,2311.0,803.0,884.0,0.431,0.378,0.826,30.9,18.3,6.4,7.0,8.7,0.107,2.8,4.7
1806,2020,4,4,CHI,Patrick Williams,Florida State,2.0,88.0,2405.0,808.0,396.0,114.0,0.49,0.413,0.729,27.3,9.2,4.5,1.3,3.3,0.067,-2.3,-0.2
1807,2020,5,5,CLE,Isaac Okoro,Auburn,2.0,134.0,4154.0,1234.0,407.0,249.0,0.446,0.315,0.747,31.0,9.2,3.0,1.9,5.1,0.059,-3.5,-1.6
1808,2020,6,6,ATL,Onyeka Okongwu,USC,2.0,98.0,1593.0,620.0,446.0,71.0,0.672,0.0,0.695,16.3,6.3,4.6,0.7,6.1,0.184,0.0,0.8
1809,2020,7,7,DET,Killian Hayes,nan,2.0,92.0,2317.0,629.0,279.0,415.0,0.374,0.268,0.78,25.2,6.8,3.0,4.5,-0.6,-0.013,-4.6,-1.5
1810,2020,8,8,NYK,Obi Toppin,Dayton,2.0,134.0,1913.0,901.0,406.0,106.0,0.521,0.307,0.753,14.3,6.7,3.0,0.8,5.5,0.137,1.0,1.5
1811,2020,9,9,WAS,Deni Avdija,nan,2.0,136.0,3241.0,1027.0,687.0,230.0,0.426,0.316,0.729,23.8,7.6,5.1,1.7,3.6,0.054,-2.3,-0.2
1812,2020,10,10,PHO,Jalen Smith,Maryland,2.0,78.0,1081.0,523.0,344.0,28.0,0.495,0.317,0.761,13.9,6.7,4.4,0.4,2.9,0.127,-1.3,0.2
1813,2020,11,11,SAS,Devin Vassell,Florida State,2.0,133.0,2993.0,1213.0,480.0,192.0,0.421,0.357,0.84,22.5,9.1,3.6,1.4,4.8,0.077,-0.9,0.8
1814,2020,12,12,SAC,Tyrese Haliburton,Iowa State,2.0,135.0,4441.0,1934.0,484.0,937.0,0.473,0.412,0.846,32.9,14.3,3.6,6.9,10.5,0.114,2.1,4.6
1815,2020,13,13,NOP,Kira Lewis Jr.,Alabama,2.0,78.0,1245.0,484.0,110.0,173.0,0.391,0.298,0.841,16.0,6.2,1.4,2.2,0.7,0.028,-3.6,-0.5
1816,2020,14,14,BOS,Aaron Nesmith,Vanderbilt,2.0,98.0,1243.0,414.0,216.0,45.0,0.417,0.318,0.796,12.7,4.2,2.2,0.5,1.5,0.058,-3.7,-0.5
1817,2020,15,15,ORL,Cole Anthony,UNC,2.0,112.0,3332.0,1667.0,569.0,561.0,0.393,0.337,0.846,29.8,14.9,5.1,5.0,1.6,0.023,-2.0,0.0
1818,2020,16,16,POR,Isaiah Stewart,Washington,2.0,139.0,3271.0,1126.0,1070.0,141.0,0.529,0.33,0.708,23.5,8.1,7.7,1.0,7.4,0.109,-2.3,-0.2
1819,2020,17,17,MIN,Aleksej Pokusevski,nan,2.0,106.0,2323.0,831.0,530.0,228.0,0.376,0.285,0.717,21.9,7.8,5.0,2.2,-1.5,-0.032,-4.2,-1.3
1820,2020,18,18,DAL,Josh Green,Arizona,2.0,106.0,1484.0,420.0,239.0,107.0,0.493,0.311,0.647,14.0,4.0,2.3,1.0,2.9,0.093,-1.8,0.1
1821,2020,19,19,BRK,Saddiq Bey,Villanova,2.0,152.0,4613.0,2178.0,759.0,328.0,0.399,0.361,0.833,30.3,14.3,5.0,2.2,7.3,0.075,-0.4,1.9
1822,2020,20,20,MIA,Precious Achiuwa,Memphis,2.0,134.0,2462.0,968.0,681.0,111.0,0.468,0.357,0.556,18.4,7.2,5.1,0.8,3.8,0.075,-3.0,-0.7
1823,2020,21,21,PHI,Tyrese Maxey,Kentucky,2.0,136.0,3585.0,1799.0,344.0,441.0,0.478,0.396,0.867,26.4,13.2,2.5,3.2,9.2,0.123,0.0,1.9
1824,2020,22,22,DEN,Zeke Nnaji,Arizona,2.0,83.0,1095.0,406.0,212.0,27.0,0.503,0.439,0.663,13.2,4.9,2.6,0.3,2.7,0.116,-2.1,0.0
1825,2020,23,23,NYK,Leandro Bolmaro,nan,1.0,35.0,241.0,50.0,43.0,21.0,0.315,0.278,0.846,6.9,1.4,1.2,0.6,0.0,0.004,-5.8,-0.2
1826,2020,24,24,MIL,R.J. Hampton,nan,2.0,115.0,2290.0,843.0,373.0,245.0,0.404,0.337,0.653,19.9,7.3,3.2,2.1,0.2,0.005,-4.0,-1.1
1827,2020,25,25,OKC,Immanuel Quickley,Kentucky,2.0,142.0,3045.0,1613.0,384.0,402.0,0.393,0.365,0.885,21.4,11.4,2.7,2.8,7.5,0.118,0.5,1.9
1828,2020,26,26,BOS,Payton Pritchard,Oregon,2.0,137.0,2269.0,952.0,292.0,259.0,0.435,0.412,0.924,16.6,6.9,2.1,1.9,5.6,0.118,0.4,1.4
1829,2020,27,27,UTA,Udoka Azubuike,Kansas,2.0,32.0,252.0,96.0,84.0,0.0,0.707,,0.667,7.9,3.0,2.6,0.0,0.8,0.148,-2.0,0.0
1830,2020,28,28,LAL,Jaden McDaniels,Washington,2.0,133.0,3314.0,1074.0,525.0,150.0,0.455,0.338,0.724,24.9,8.1,3.9,1.1,3.9,0.056,-3.2,-1.0
1831,2020,29,29,TOR,Malachi Flynn,San Diego State,2.0,91.0,1465.0,542.0,179.0,207.0,0.38,0.326,0.75,16.1,6.0,2.0,2.3,1.8,0.06,-2.2,-0.1
1832,2020,30,30,BOS,Desmond Bane,TCU,2.0,144.0,3785.0,2009.0,544.0,326.0,0.464,0.435,0.882,26.3,14.0,3.8,2.3,10.1,0.129,1.3,3.2
1833,2020,31,31,DAL,Tyrell Terry,Stanford,2.0,13.0,59.0,13.0,6.0,6.0,0.353,0.0,0.333,4.5,1.0,0.5,0.5,0.0,-0.035,-4.8,0.0
1834,2020,32,32,CHO,Vernon Carey Jr.,Duke,2.0,26.0,159.0,66.0,39.0,2.0,0.51,0.143,0.625,6.1,2.5,1.5,0.1,0.2,0.066,-6.5,-0.2
1835,2020,33,33,MIN,Daniel Oturu,Minnesota,2.0,33.0,188.0,63.0,53.0,10.0,0.431,0.167,0.706,5.7,1.9,1.6,0.3,0.3,0.086,-5.2,-0.2
1836,2020,34,34,PHI,Théo Maledon,nan,2.0,116.0,2686.0,1019.0,342.0,338.0,0.371,0.322,0.766,23.2,8.8,2.9,2.9,-0.5,-0.009,-4.8,-1.9
1837,2020,35,35,SAC,Xavier Tillman Sr.,Michigan State,2.0,112.0,1786.0,642.0,417.0,137.0,0.515,0.281,0.645,15.9,5.7,3.7,1.2,4.6,0.125,0.2,1.0
1838,2020,36,36,PHI,Tyler Bey,Colorado,1.0,18.0,71.0,18.0,19.0,3.0,0.318,0.25,0.6,3.9,1.0,1.1,0.2,0.0,-0.033,-9.5,-0.1
1839,2020,37,37,WAS,Vit Krejci,nan,1.0,30.0,690.0,187.0,101.0,57.0,0.407,0.327,0.864,23.0,6.2,3.4,1.9,0.6,0.042,-5.3,-0.6
1840,2020,38,38,UTA,Saben Lee,Vanderbilt,2.0,85.0,1385.0,475.0,184.0,281.0,0.434,0.265,0.731,16.3,5.6,2.2,3.3,2.4,0.083,-1.3,0.2
1841,2020,39,39,NOP,Elijah Hughes,Syracuse,2.0,54.0,498.0,157.0,67.0,28.0,0.328,0.28,0.769,9.2,2.9,1.2,0.5,-0.4,-0.039,-6.4,-0.5
1842,2020,40,40,MEM,Robert Woodard II,Mississippi State,2.0,25.0,87.0,27.0,27.0,5.0,0.278,0.2,0.5,3.5,1.1,1.1,0.2,-0.1,-0.077,-7.7,-0.1
1843,2020,41,41,SAS,Tre Jones,Duke,2.0,106.0,1417.0,507.0,176.0,272.0,0.487,0.232,0.8,13.4,4.8,1.7,2.6,3.3,0.11,-1.0,0.3
1844,2020,42,42,NOP,Nick Richards,Kentucky,2.0,68.0,430.0,165.0,97.0,15.0,0.646,0.0,0.685,6.3,2.4,1.4,0.2,1.0,0.111,-3.5,-0.2
1845,2020,43,43,SAC,Jahmi'us Ramsey,Texas Tech,2.0,32.0,228.0,100.0,23.0,13.0,0.406,0.27,0.632,7.1,3.1,0.7,0.4,-0.1,-0.023,-5.9,-0.2
1846,2020,44,44,CHI,Marko Simonovic,nan,1.0,9.0,35.0,17.0,10.0,0.0,0.267,0.2,0.727,3.9,1.9,1.1,0.0,0.0,-0.011,-11.1,-0.1
1847,2020,45,45,MIL,Jordan Nwora,Louisville,2.0,92.0,1459.0,658.0,281.0,66.0,0.415,0.37,0.809,15.9,7.2,3.1,0.7,1.0,0.033,-3.6,-0.6
1848,2020,46,46,POR,CJ Elleby,Washington State,2.0,88.0,1366.0,407.0,259.0,97.0,0.39,0.275,0.717,15.5,4.6,2.9,1.1,0.5,0.018,-5.2,-1.1
1849,2020,47,47,BOS,Yam Madar,nan,,,,,,,,,,,,,,,,,
1850,2020,48,48,GSW,Nico Mannion,Arizona,1.0,30.0,364.0,123.0,46.0,70.0,0.342,0.367,0.821,12.1,4.1,1.5,2.3,0.2,0.029,-3.9,-0.2
1851,2020,49,49,PHI,Isaiah Joe,Arkansas,2.0,96.0,992.0,351.0,92.0,55.0,0.355,0.349,0.855,10.3,3.7,1.0,0.6,1.1,0.052,-4.0,-0.5
1852,2020,50,50,ATL,Skylar Mays,LSU,2.0,61.0,489.0,204.0,60.0,47.0,0.469,0.338,0.882,8.0,3.3,1.0,0.8,1.1,0.104,0.1,0.3
1853,2020,51,51,GSW,Justinian Jessup,Boise State,,,,,,,,,,,,,,,,,
1854,2020,52,52,SAC,Kenyon Martin Jr.,nan,2.0,124.0,2724.0,1115.0,539.0,149.0,0.524,0.36,0.667,22.0,9.0,4.3,1.2,5.1,0.09,-1.4,0.4
1855,2020,53,53,OKC,Cassius Winston,Michigan State,2.0,29.0,137.0,55.0,10.0,19.0,0.409,0.435,0.9,4.7,1.9,0.3,0.7,0.1,0.051,-4.9,-0.1
1856,2020,54,54,IND,Cassius Stanley,Duke,2.0,33.0,248.0,88.0,39.0,5.0,0.36,0.233,0.895,7.5,2.7,1.2,0.2,0.0,-0.006,-7.9,-0.4
1857,2020,55,55,BRK,Jay Scrubb,John A. Logan College,2.0,22.0,205.0,84.0,30.0,9.0,0.39,0.267,0.8,9.3,3.8,1.4,0.4,-0.1,-0.028,-7.3,-0.3
1858,2020,56,56,CHO,Grant Riller,College of Charleston,1.0,7.0,27.0,18.0,1.0,3.0,0.667,0.5,,3.9,2.6,0.1,0.4,0.1,0.177,5.1,0.0
1859,2020,57,57,LAC,Reggie Perry,Mississippi State,2.0,36.0,398.0,170.0,120.0,26.0,0.459,0.189,0.679,11.1,4.7,3.3,0.7,0.4,0.048,-5.5,-0.3
1860,2020,58,58,PHI,Paul Reed,DePaul,2.0,64.0,479.0,204.0,153.0,28.0,0.552,0.143,0.455,7.5,3.2,2.4,0.4,1.9,0.193,1.0,0.4
1861,2020,59,59,TOR,Jalen Harris,Nevada,1.0,13.0,172.0,96.0,18.0,17.0,0.5,0.472,0.778,13.2,7.4,1.4,1.3,0.3,0.079,0.3,0.1
1862,2020,60,60,NOP,Sam Merrill,Utah State University,2.0,36.0,291.0,114.0,37.0,25.0,0.417,0.4,0.75,8.1,3.2,1.0,0.7,0.5,0.088,-1.9,0.0
1863,2021,1,1,DET,Cade Cunningham,Oklahoma State,1.0,64.0,2088.0,1114.0,354.0,356.0,0.416,0.314,0.845,32.6,17.4,5.5,5.6,-0.5,-0.011,-1.6,0.2
1864,2021,2,2,HOU,Jalen Green,nan,1.0,67.0,2138.0,1157.0,226.0,176.0,0.426,0.343,0.797,31.9,17.3,3.4,2.6,0.7,0.015,-2.9,-0.5
1865,2021,3,3,CLE,Evan Mobley,USC,1.0,69.0,2331.0,1034.0,570.0,174.0,0.508,0.25,0.663,33.8,15.0,8.3,2.5,5.2,0.107,0.6,1.5
1866,2021,4,4,TOR,Scottie Barnes,Florida State,1.0,74.0,2617.0,1134.0,557.0,256.0,0.492,0.301,0.735,35.4,15.3,7.5,3.5,6.6,0.122,0.9,1.9
1867,2021,5,5,ORL,Jalen Suggs,Gonzaga,1.0,48.0,1307.0,564.0,171.0,209.0,0.361,0.214,0.773,27.2,11.8,3.6,4.4,-1.6,-0.06,-5.6,-1.2
1868,2021,6,6,OKC,Josh Giddey,nan,1.0,54.0,1700.0,674.0,421.0,345.0,0.419,0.263,0.709,31.5,12.5,7.8,6.4,0.4,0.01,-1.0,0.4
1869,2021,7,7,GSW,Jonathan Kuminga,nan,1.0,70.0,1185.0,652.0,234.0,64.0,0.513,0.336,0.684,16.9,9.3,3.3,0.9,3.0,0.123,-1.5,0.1
1870,2021,8,8,ORL,Franz Wagner,Michigan,1.0,79.0,2429.0,1197.0,356.0,231.0,0.468,0.354,0.863,30.7,15.2,4.5,2.9,4.0,0.079,-0.7,0.8
1871,2021,9,9,SAC,Davion Mitchell,Baylor,1.0,75.0,2076.0,861.0,166.0,313.0,0.418,0.316,0.659,27.7,11.5,2.2,4.2,0.1,0.003,-3.8,-0.9
1872,2021,10,10,NOP,Ziaire Williams,Stanford,1.0,62.0,1346.0,501.0,129.0,65.0,0.45,0.314,0.782,21.7,8.1,2.1,1.0,2.2,0.08,-3.0,-0.3
1873,2021,11,11,CHO,James Bouknight,UConn,1.0,31.0,304.0,142.0,52.0,26.0,0.348,0.347,0.871,9.8,4.6,1.7,0.8,0.0,0.001,-7.1,-0.4
1874,2021,12,12,SAS,Joshua Primo,Alabama,1.0,50.0,965.0,288.0,113.0,81.0,0.374,0.307,0.746,19.3,5.8,2.3,1.6,0.0,0.001,-5.0,-0.7
1875,2021,13,13,IND,Chris Duarte,Oregon,1.0,55.0,1541.0,720.0,226.0,114.0,0.432,0.369,0.804,28.0,13.1,4.1,2.1,0.9,0.029,-2.3,-0.1
1876,2021,14,14,GSW,Moses Moody,Arkansas,1.0,52.0,607.0,228.0,80.0,23.0,0.437,0.364,0.778,11.7,4.4,1.5,0.4,1.3,0.101,-2.5,-0.1
1877,2021,15,15,WAS,Corey Kispert,Gonzaga,1.0,77.0,1801.0,634.0,209.0,85.0,0.455,0.35,0.871,23.4,8.2,2.7,1.1,2.3,0.061,-2.3,-0.1
1878,2021,16,16,OKC,Alperen Şengün,nan,1.0,72.0,1489.0,692.0,393.0,185.0,0.474,0.248,0.711,20.7,9.6,5.5,2.6,2.1,0.068,-1.0,0.4
1879,2021,17,17,MEM,Trey Murphy III,Virginia,1.0,62.0,864.0,334.0,147.0,38.0,0.394,0.382,0.882,13.9,5.4,2.4,0.6,1.9,0.104,-1.2,0.2
1880,2021,18,18,OKC,Tre Mann,Florida,1.0,60.0,1367.0,625.0,171.0,91.0,0.393,0.36,0.793,22.8,10.4,2.9,1.5,0.1,0.002,-4.3,-0.8
1881,2021,19,19,NYK,Kai Jones,Texas,1.0,21.0,63.0,22.0,11.0,4.0,0.643,0.5,0.375,3.0,1.0,0.5,0.2,0.0,0.009,-6.6,-0.1
1882,2021,20,20,ATL,Jalen Johnson,Duke,1.0,22.0,120.0,52.0,26.0,3.0,0.537,0.231,0.714,5.5,2.4,1.2,0.1,0.0,0.013,-4.9,-0.1
1883,2021,21,21,NYK,Keon Johnson,Tennessee,1.0,37.0,697.0,267.0,81.0,76.0,0.353,0.34,0.804,18.8,7.2,2.2,2.1,-0.5,-0.031,-5.9,-0.7
1884,2021,22,22,LAL,Isaiah Jackson,Kentucky,1.0,36.0,541.0,297.0,149.0,10.0,0.563,0.313,0.682,15.0,8.3,4.1,0.3,1.4,0.126,-1.5,0.1
1885,2021,23,23,HOU,Usman Garuba,nan,1.0,24.0,239.0,48.0,83.0,17.0,0.432,0.25,0.714,10.0,2.0,3.5,0.7,0.5,0.105,-0.9,0.1
1886,2021,24,24,HOU,Josh Christopher,Arizona State,1.0,74.0,1334.0,587.0,186.0,150.0,0.448,0.296,0.735,18.0,7.9,2.5,2.0,0.3,0.01,-3.5,-0.5
1887,2021,25,25,LAC,Quentin Grimes,Houston,1.0,46.0,786.0,275.0,94.0,44.0,0.404,0.381,0.684,17.1,6.0,2.0,1.0,1.4,0.087,-0.3,0.3
1888,2021,26,26,DEN,Bones Hyland,VCU,1.0,69.0,1310.0,698.0,188.0,191.0,0.403,0.366,0.856,19.0,10.1,2.7,2.8,2.4,0.088,-0.4,0.5
1889,2021,27,27,BRK,Cam Thomas,LSU,1.0,67.0,1176.0,570.0,161.0,78.0,0.433,0.27,0.829,17.6,8.5,2.4,1.2,0.8,0.033,-3.4,-0.4
1890,2021,28,28,PHI,Jaden Springer,Tennessee,1.0,2.0,6.0,2.0,2.0,0.0,1.0,,,3.0,1.0,1.0,0.0,0.0,0.138,17.1,0.0
1891,2021,29,29,PHO,Day'Ron Sharpe,UNC,1.0,32.0,391.0,198.0,160.0,17.0,0.577,0.286,0.585,12.2,6.2,5.0,0.5,1.2,0.152,-2.8,-0.1
1892,2021,30,30,UTA,Santi Aldama,Loyola (MD),1.0,32.0,360.0,132.0,87.0,21.0,0.402,0.125,0.625,11.3,4.1,2.7,0.7,0.3,0.044,-5.7,-0.3
1893,2021,31,31,MIL,Isaiah Todd,nan,1.0,12.0,74.0,20.0,12.0,4.0,0.269,0.25,0.333,6.2,1.7,1.0,0.3,-0.2,-0.104,-6.9,-0.1
1894,2021,32,32,NYK,Jeremiah Robinson-Earl,Villanova,1.0,49.0,1087.0,366.0,274.0,49.0,0.414,0.352,0.741,22.2,7.5,5.6,1.0,1.5,0.065,-2.2,-0.1
1895,2021,33,33,ORL,Jason Preston,Ohio University,,,,,,,,,,,,,,,,,
1896,2021,34,34,OKC,Rokas Jokubaitis,nan,,,,,,,,,,,,,,,,,
1897,2021,35,35,NOP,Herbert Jones,Alabama,1.0,78.0,2335.0,742.0,296.0,167.0,0.476,0.337,0.84,29.9,9.5,3.8,2.1,4.6,0.096,-0.5,0.9
1898,2021,36,36,OKC,Miles McBride,West Virginia,1.0,40.0,372.0,89.0,42.0,41.0,0.296,0.25,0.667,9.3,2.2,1.1,1.0,0.2,0.032,-4.5,-0.2
1899,2021,37,37,DET,JT Thor,Auburn,1.0,33.0,262.0,67.0,43.0,19.0,0.436,0.259,0.6,7.9,2.0,1.3,0.6,0.3,0.058,-3.0,-0.1
1900,2021,38,38,CHI,Ayo Dosunmu,Illinois,1.0,77.0,2110.0,679.0,214.0,256.0,0.52,0.376,0.679,27.4,8.8,2.8,3.3,3.0,0.069,-2.0,0.0
1901,2021,39,39,SAC,Neemias Queta,Utah State University,1.0,14.0,120.0,45.0,31.0,6.0,0.447,,0.647,8.6,3.2,2.2,0.4,0.1,0.051,-5.1,-0.1
1902,2021,40,40,NOP,Jared Butler,Baylor,1.0,42.0,360.0,161.0,45.0,63.0,0.404,0.318,0.688,8.6,3.8,1.1,1.5,0.4,0.057,-1.6,0.0
1903,2021,41,41,SAS,Joe Wieskamp,Iowa,1.0,29.0,205.0,61.0,14.0,9.0,0.357,0.326,0.538,7.1,2.1,0.5,0.3,0.1,0.035,-3.9,-0.1
1904,2021,42,42,DET,Isaiah Livers,Michigan,1.0,19.0,383.0,121.0,57.0,21.0,0.456,0.422,0.857,20.2,6.4,3.0,1.1,0.7,0.085,-1.5,0.0
1905,2021,43,43,NOP,Greg Brown III,Texas,1.0,48.0,640.0,225.0,135.0,35.0,0.426,0.311,0.677,13.3,4.7,2.8,0.7,0.4,0.029,-4.7,-0.4
1906,2021,44,44,BRK,Kessler Edwards,Pepperdine,1.0,48.0,987.0,284.0,172.0,31.0,0.412,0.353,0.842,20.6,5.9,3.6,0.6,0.6,0.031,-3.8,-0.5
1907,2021,45,45,BOS,Juhann Begarin,nan,,,,,,,,,,,,,,,,,
1908,2021,46,46,TOR,Dalano Banton,Nebraska,1.0,64.0,696.0,205.0,124.0,99.0,0.411,0.255,0.591,10.9,3.2,1.9,1.5,0.4,0.03,-3.1,-0.2
1909,2021,47,47,TOR,David Johnson,Louisville,1.0,2.0,2.0,0.0,0.0,0.0,0.0,0.0,,1.0,0.0,0.0,0.0,0.0,-0.495,-27.7,0.0
1910,2021,48,48,ATL,Sharife Cooper,Auburn,1.0,13.0,39.0,7.0,5.0,5.0,0.214,0.167,,3.0,0.5,0.4,0.4,-0.2,-0.297,-16.3,-0.1
1911,2021,49,49,BRK,Marcus Zegarowski,Creighton,,,,,,,,,,,,,,,,,
1912,2021,50,50,PHI,Filip Petrušev,Gonzaga,,,,,,,,,,,,,,,,,
1913,2021,51,51,MEM,Brandon Boston Jr.,Kentucky,1.0,51.0,760.0,343.0,111.0,51.0,0.385,0.306,0.819,14.9,6.7,2.2,1.0,0.4,0.026,-3.3,-0.3
1914,2021,52,52,DET,Luka Garza,Iowa,1.0,32.0,389.0,186.0,100.0,20.0,0.449,0.327,0.623,12.2,5.8,3.1,0.6,0.8,0.093,-2.5,-0.1
1915,2021,53,53,PHI,Charles Bassey,Western Kentucky,1.0,23.0,168.0,69.0,62.0,7.0,0.638,0.0,0.75,7.3,3.0,2.7,0.3,0.8,0.22,1.9,0.2
1916,2021,54,54,IND,Sandro Mamukelashvili,Seton Hall,1.0,41.0,407.0,154.0,82.0,22.0,0.496,0.423,0.818,9.9,3.8,2.0,0.5,1.1,0.135,-0.3,0.2
1917,2021,55,55,OKC,Aaron Wiggins,Maryland,1.0,50.0,1209.0,416.0,178.0,68.0,0.463,0.304,0.729,24.2,8.3,3.6,1.4,1.2,0.048,-4.3,-0.7
1918,2021,56,56,CHO,Scottie Lewis,Florida,1.0,2.0,7.0,1.0,0.0,1.0,,,0.5,3.5,0.5,0.0,0.5,0.0,0.164,6.0,0.0
1919,2021,57,57,CHO,Balša Koprivica,Florida State,,,,,,,,,,,,,,,,,
1920,2021,58,58,NYK,Jericho Sims,Texas,1.0,41.0,555.0,90.0,169.0,21.0,0.722,,0.414,13.5,2.2,4.1,0.5,1.5,0.128,-1.7,0.0
1921,2021,59,59,BRK,RaiQuan Gray,Florida State,,,,,,,,,,,,,,,,,
1922,2021,60,60,IND,Georgios Kalaitzakis,nan,1.0,13.0,214.0,86.0,21.0,12.0,0.463,0.385,0.467,16.5,6.6,1.6,0.9,-0.1,-0.024,-7.0,-0.3
